Date/Time,Year,Month,Mean Max Temp (C),Mean Max Temp Flag,Mean Min Temp (C),Mean Min Temp Flag,Mean Temp (C),Mean Temp Flag,Extr Max Temp (C),Extr Max Temp Flag,Extr Min Temp (C),Extr Min Temp Flag,Total Rain (mm),Total Rain Flag,Total Snow (cm),Total Snow Flag,Total Precip (mm),Total Precip Flag,Snow Grnd Last Day (cm),Snow Grnd Last Day Flag,Dir of Max Gust (10's deg),Dir of Max Gust Flag,Spd of Max Gust (km/h),Spd of Max Gust Flag
1892-01,1892,1,,M,,M,,M,,M,,M,,M,,M,,M,,,,,,
1892-02,1892,2,,M,,M,,M,,M,,M,,M,,M,,M,,,,,,
1892-03,1892,3,-3.8,,-19.9,,-11.9,,3.9,S,-39.4,,0,,,M,,M,,,,,,
1892-04,1892,4,3.4,,-7.1,,-1.9,,16.7,,-19.4,,0,,17.8,,17.8,,,,,,,
1892-05,1892,5,13.1,,-1.3,,5.9,,24.4,,-10.6,,20.8,,0,,20.8,,,,,,,
1892-06,1892,6,20.8,,6.5,,13.7,,28.3,,-1.1,,34,,0,,34,,,,,,,
1892-07,1892,7,26.3,,10,,18.2,,36.1,,4.4,,47.2,,0,,47.2,,,,,,,
1892-08,1892,8,24.7,,9.2,,17,,33.9,,3.3,,85.3,,0,,85.3,,,,,,,
1892-09,1892,9,21.1,,5.2,,13.2,,30,,-4.4,,28.4,,0,,28.4,,,,,,,
1892-10,1892,10,15.1,,-1.1,,7,,27.8,,-10.6,,2.5,,0,,2.5,,,,,,,
1892-11,1892,11,-2.6,,-14.1,,-8.4,,13.9,,-33.9,,11.4,,30,,41.4,,,,,,,
1892-12,1892,12,-12.9,,-24.5,,-18.7,,,M,,M,0,,0,T,,M,,,,,,
1893-01,1893,1,-14.5,,-24.2,,-19.4,,4.4,,-48.9,,0,,40.6,,40.6,,,,,,,
1893-02,1893,2,-19.5,,-29.8,,-24.7,,-1.7,,-50,,0,,,M,,M,,,,,,
1893-03,1893,3,-8.6,,-26,,-17.3,,2.8,S,-38.9,S,0,,,M,,M,,,,,,
1893-04,1893,4,-1.1,,-15.6,,-8.4,,6.1,,-28.3,,0,,,M,,M,,,,,,
1893-05,1893,5,,M,,M,,M,,M,,M,,M,,M,,M,,,,,,
1893-06,1893,6,22.1,,3.6,,12.9,,,M,,M,67.3,,0,,67.3,,,,,,,
1893-07,1893,7,24.2,,8.1,,16.2,,,M,,M,77.5,,0,,77.5,,,,,,,
1893-08,1893,8,26,,7.7,,16.9,,,M,,M,69.9,,0,,69.9,,,,,,,
1893-09,1893,9,,M,,M,,M,,M,,M,,M,,M,,M,,,,,,
1893-10,1893,10,,M,,M,,M,,M,,M,,M,,M,,M,,,,,,
1893-11,1893,11,-1.2,,-17.1,,-9.2,,,M,,M,0,,10.2,,10.2,,,,,,,
1893-12,1893,12,-10.7,,-27.5,,-19.1,,12.8,S,-42.2,,0,,30.5,,30.5,,,,,,,
1894-01,1894,1,,M,,M,,M,,M,,M,0,,7.6,,7.6,,,,,,,
1894-02,1894,2,-11.7,,-24.1,,-17.9,,,M,,M,0,,,M,,M,,,,,,
1894-03,1894,3,-6.9,,-20.2,,-13.6,,,M,,M,0,,30.5,,30.5,,,,,,,
1894-04,1894,4,9.4,,-2.7,,3.4,,,M,,M,0,,,M,,M,,,,,,
1894-05,1894,5,18.4,,3.8,,11.1,,30,,-3.9,S,24.1,,0,,24.1,,,,,,,
1894-06,1894,6,24.3,,9.1,,16.7,,34.4,,4.4,,42.4,,0,,42.4,,,,,,,
1894-07,1894,7,28.4,,11.6,,20,,37.2,,3.9,,10.9,,0,,10.9,,,,,,,
1894-08,1894,8,27.6,,10.1,,18.9,,37.2,,2.8,,13.7,,0,,13.7,,,,,,,
1894-09,1894,9,,M,,M,,M,,M,,M,,M,,M,,M,,,,,,
1894-10,1894,10,,M,,M,,M,,M,,M,,M,,M,,M,,,,,,
1894-11,1894,11,,M,,M,,M,,M,,M,,M,,M,,M,,,,,,
1894-12,1894,12,,M,,M,,M,,M,,M,,M,,M,,M,,,,,,
1895-01,1895,1,,M,,M,,M,,M,,M,,M,,M,,M,,,,,,
1895-02,1895,2,-10.4,,-21.9,,-16.2,,,M,,M,0,,10.2,,10.2,,,,,,,
1895-03,1895,3,-4.8,,-18.3,,-11.6,,6.1,,-31.7,S,0,,,M,,M,,,,,,
1895-04,1895,4,,M,,M,,M,,M,,M,,M,,M,,M,,,,,,
1895-05,1895,5,,M,,M,,M,,M,,M,,M,,M,,M,,,,,,
1895-06,1895,6,,M,,M,,M,,M,,M,,M,,M,,M,,,,,,
1895-07,1895,7,,M,,M,,M,,M,,M,,M,,M,,M,,,,,,
1895-08,1895,8,,M,,M,,M,,M,,M,,M,,M,,M,,,,,,
1895-09,1895,9,,M,,M,,M,,M,,M,,M,,M,,M,,,,,,
1895-10,1895,10,,M,,M,,M,,M,,M,,M,,M,,M,,,,,,
1895-11,1895,11,,M,,M,,M,,M,,M,,M,,M,,M,,,,,,
1895-12,1895,12,,M,,M,,M,,M,,M,,M,,M,,M,,,,,,
1896-01,1896,1,,M,,M,,M,,M,,M,,M,,M,,M,,,,,,
1896-02,1896,2,,M,,M,,M,,M,,M,,M,,M,,M,,,,,,
1896-03,1896,3,,M,,M,,M,,M,,M,,M,,M,,M,,,,,,
1896-04,1896,4,,M,,M,,M,,M,,M,,M,,M,,M,,,,,,
1896-05,1896,5,,M,,M,,M,,M,,M,,M,,M,,M,,,,,,
1896-06,1896,6,,M,,M,,M,,M,,M,,M,,M,,M,,,,,,
1896-07,1896,7,,M,,M,,M,,M,,M,,M,,M,,M,,,,,,
1896-08,1896,8,,M,,M,,M,,M,,M,,M,,M,,M,,,,,,
1896-09,1896,9,,M,,M,,M,,M,,M,,M,,M,,M,,,,,,
1896-10,1896,10,,M,,M,,M,,M,,M,,M,,M,,M,,,,,,
1896-11,1896,11,,M,,M,,M,,M,,M,,M,,M,,M,,,,,,
1896-12,1896,12,,M,,M,,M,,M,,M,,M,,M,,M,,,,,,
1897-01,1897,1,-14.8,,-23.9,,-19.4,,1.7,,-40.6,,0,,6.4,,6.4,,,,,,,
1897-02,1897,2,-13.4,,-24.8,,-19.1,,-3.9,,-37.8,,0,,3.8,,3.8,,,,,,,
1897-03,1897,3,-10.1,,-23.1,,-16.6,,3.3,,-43.3,,0,,,M,,M,,,,,,
1897-04,1897,4,10.3,,-1.9,,4.2,,,M,,M,0,,,M,,M,,,,,,
1897-05,1897,5,,M,,M,,M,,M,,M,,M,,M,,M,,,,,,
1897-06,1897,6,,M,,M,,M,,M,,M,,M,,M,,M,,,,,,
1897-07,1897,7,,M,,M,,M,,M,,M,,M,,M,,M,,,,,,
1897-08,1897,8,,M,,M,,M,,M,,M,,M,,M,,M,,,,,,
1897-09,1897,9,,M,,M,,M,,M,,M,,M,,M,,M,,,,,,
1897-10,1897,10,,M,,M,,M,,M,,M,,M,,M,,M,,,,,,
1897-11,1897,11,,M,,M,,M,,M,,M,,M,,M,,M,,,,,,
1897-12,1897,12,,M,,M,,M,,M,,M,,M,,M,,M,,,,,,
1898-01,1898,1,,M,,M,,M,,M,,M,,M,,M,,M,,,,,,
1898-02,1898,2,,M,,M,,M,,M,,M,,M,,M,,M,,,,,,
1898-03,1898,3,,M,,M,,M,,M,,M,,M,,M,,M,,,,,,
1898-04,1898,4,,M,,M,,M,,M,,M,,M,,M,,M,,,,,,
1898-05,1898,5,,M,,M,,M,,M,,M,,M,,M,,M,,,,,,
1898-06,1898,6,,M,,M,,M,,M,,M,,M,,M,,M,,,,,,
1898-07,1898,7,,M,,M,,M,,M,,M,,M,,M,,M,,,,,,
1898-08,1898,8,,M,,M,,M,,M,,M,,M,,M,,M,,,,,,
1898-09,1898,9,,M,,M,,M,,M,,M,,M,,M,,M,,,,,,
1898-10,1898,10,,M,,M,,M,,M,,M,,M,,M,,M,,,,,,
1898-11,1898,11,,M,,M,,M,,M,,M,,M,,M,,M,,,,,,
1898-12,1898,12,,M,,M,,M,,M,,M,,M,,M,,M,,,,,,
1899-01,1899,1,,M,,M,,M,,M,,M,,M,,M,,M,,,,,,
1899-02,1899,2,,M,,M,,M,,M,,M,,M,,M,,M,,,,,,
1899-03,1899,3,,M,,M,,M,,M,,M,,M,,M,,M,,,,,,
1899-04,1899,4,,M,,M,,M,,M,,M,,M,,M,,M,,,,,,
1899-05,1899,5,,M,,M,,M,,M,,M,,M,,M,,M,,,,,,
1899-06,1899,6,,M,,M,,M,,M,,M,43.4,,0,,43.4,,,,,,,
1899-07,1899,7,23.6,,10.2,,16.9,,34.4,,5,,95.5,,0,,95.5,,,,,,,
1899-08,1899,8,,M,,M,,M,,M,,M,,M,,M,,M,,,,,,
1899-09,1899,9,,M,,M,,M,,M,,M,,M,,M,,M,,,,,,
1899-10,1899,10,,M,,M,,M,,M,,M,,M,,M,,M,,,,,,
1899-11,1899,11,,M,,M,,M,,M,,M,,M,,M,,M,,,,,,
1899-12,1899,12,,M,,M,,M,,M,,M,,M,,M,,M,,,,,,
Jan-00,1900,1,,M,,M,,M,,M,,M,,M,,M,,M,,,,,,
Feb-00,1900,2,-13.3,,-27.9,,-20.6,,-1.1,,-42.8,,0,,19.1,,19.1,,,,,,,
Mar-00,1900,3,-1.2,,-13.1,,-7.2,,6.1,,-19.4,,0,,7.6,,7.6,,,,,,,
Apr-00,1900,4,13.1,,-1.2,,6,,23.3,,-10.6,,5.1,,,M,,M,,,,,,
May-00,1900,5,20.3,,4.5,,12.4,,28.9,S,-1.7,,37.6,,0,,37.6,,,,,,,
Jun-00,1900,6,23.4,,10.8,,17.1,,40,,1.1,,31.5,,0,,31.5,,,,,,,
Jul-00,1900,7,25.4,,12.3,,18.9,,34.4,,6.7,,27.9,,0,,27.9,,,,,,,
Aug-00,1900,8,22.7,,8.7,,15.7,,32.2,,4.4,,108.5,,0,,108.5,,,,,,,
Sep-00,1900,9,17.3,,1.6,,9.5,,25.6,,-3.9,S,35.6,,12.7,,48.3,,,,,,,
Oct-00,1900,10,12.5,,-2.1,,5.2,,18.9,,-7.8,,12.7,,12.4,,25.1,,,,,,,
Nov-00,1900,11,-3.1,,-15.7,,-9.4,,8.3,,-32.8,,0,,9.1,,9.1,,,,,,,
Dec-00,1900,12,-5.8,,-18.1,,-12,,5.6,,-31.7,,0,,4.8,,4.8,,,,,,,
01-Jan,1901,1,-12.1,,-24.7,,-18.4,,3.9,,-37.2,S,0,,8.9,,8.9,,,,,,,
01-Feb,1901,2,-9.3,,-24.1,,-16.7,,4.4,,-35.6,,0,,7.6,,7.6,,,,,,,
01-Mar,1901,3,,M,,M,,M,,M,,M,,M,,M,,M,,,,,,
01-Apr,1901,4,,M,,M,,M,,M,,M,,M,,M,,M,,,,,,
01-May,1901,5,21.9,,6.8,,14.4,,31.1,,-2.8,,37.8,,0,,37.8,,,,,,,
01-Jun,1901,6,18.4,,7.4,,12.9,,25,,-1.1,,80.3,,0,,80.3,,,,,,,
01-Jul,1901,7,23.7,,11.4,,17.6,,31.1,,5,,78.7,,0,,78.7,,,,,,,
01-Aug,1901,8,24.6,,8.5,,16.6,,31.1,S,-2.8,,14.5,,0,,14.5,,,,,,,
01-Sep,1901,9,13.3,,2.1,,7.7,,30.6,,-5,,72.9,,23.4,,96.3,,,,,,,
01-Oct,1901,10,14.3,,-1.6,,6.4,,21.7,,-9.4,,21.3,,0,,21.3,,,,,,,
01-Nov,1901,11,-0.7,,-12.2,,-6.5,,9.4,,-22.2,,0,,3,,3,,,,,,,
01-Dec,1901,12,-6,,-15.3,,-10.7,,8.3,,-36.7,,0,,7.6,,7.6,,,,,,,
02-Jan,1902,1,-7.4,,-19.6,,-13.5,,3.9,,-35,S,0,,3.8,,3.8,,,,,,,
02-Feb,1902,2,-9.9,,-20.4,,-15.2,,4.4,,-37.8,,0,,12.7,,12.7,,,,,,,
02-Mar,1902,3,-4,,-14,,-9,,3.9,,-31.7,,0,,,M,,M,,,,,,
02-Apr,1902,4,8.3,,-4.2,,2.1,,18.3,,-12.8,,2.3,,0,,2.3,,,,,,,
02-May,1902,5,17.7,,5.3,,11.5,,30,,-2.8,,70.1,,0,,70.1,,,,,,,
02-Jun,1902,6,16.6,,4.1,,10.4,,25.6,,-1.7,,88.1,,0,,88.1,,,,,,,
02-Jul,1902,7,22.5,,7.8,,15.2,,29.4,,2.2,,74.4,,0,,74.4,,,,,,,
02-Aug,1902,8,24.2,,7.5,,15.9,,32.2,S,1.7,,19.1,,0,,19.1,,,,,,,
02-Sep,1902,9,16.8,,0.5,,8.7,,26.1,,-5,,15.5,,0,,15.5,,,,,,,
02-Oct,1902,10,12.2,,-5.1,,3.6,,25,,-11.7,,1.8,,0,T,1.8,,,,,,,
02-Nov,1902,11,-4,,-15.8,,-9.9,,12.8,,-30.6,,0,,24.1,,24.1,,,,,,,
02-Dec,1902,12,-14.6,,-26.6,,-20.6,,-0.6,,-38.9,,0,,3.8,,3.8,,,,,,,
03-Jan,1903,1,-11.2,,-24.4,,-17.8,,3.3,,-38.3,S,0,,5.1,,5.1,,,,,,,
03-Feb,1903,2,-11.1,,-24.7,,-17.9,,1.7,,-44.4,,0,,,M,,M,,,,,,
03-Mar,1903,3,-7.5,,-22.4,,-15,,5,,-33.9,,0,,,M,,M,,,,,,
03-Apr,1903,4,9.1,,-5.4,,1.9,,23.9,,-16.7,,14.7,,6.4,,21.1,,,,,,,
03-May,1903,5,15.9,,0.7,,8.3,,33.3,,-10,,82.3,,0,,82.3,,,,,,,
03-Jun,1903,6,23.8,,6.6,,15.2,,30.6,,-3.3,,5.8,,0,,5.8,,,,,,,
03-Jul,1903,7,21.9,,8.3,,15.1,,31.7,,3.3,,140.7,,0,,140.7,,,,,,,
03-Aug,1903,8,19.3,,7.8,,13.6,,26.7,,3.3,,94.2,,0,,94.2,,,,,,,
03-Sep,1903,9,13.4,,0.3,,6.9,,25.6,,-6.1,,34,,0,,34,,,,,,,
03-Oct,1903,10,13.4,,-2.4,,5.5,,23.9,,-8.9,,7.6,,0,,7.6,,,,,,,
03-Nov,1903,11,-1.3,,-12.1,,-6.7,,21.7,,-29.4,,0.5,,7.6,,8.1,,,,,,,
03-Dec,1903,12,-6.1,,-17.3,,-11.7,,5.6,,-32.2,S,0,,5.1,,5.1,,,,,,,
04-Jan,1904,1,-12.1,,-24.2,,-18.2,,4.4,,-40,,0,,24.1,,24.1,,,,,,,
04-Feb,1904,2,-19.2,,-31.3,,-25.3,,-3.9,,-42.8,,0,,27.9,,27.9,,,,,,,
04-Mar,1904,3,-8.7,,-20.7,,-14.7,,3.3,,-27.8,S,0,,15.2,,15.2,,,,,,,
04-Apr,1904,4,5.8,,-3.9,,1,,21.7,,-13.9,,6.4,,,M,,M,,,,,,
04-May,1904,5,16.4,,3.3,,9.9,,24.4,,-3.3,,66.8,,0,,66.8,,,,,,,
04-Jun,1904,6,20.6,,7,,13.8,,29.4,,0.6,,61.2,,0,,61.2,,,,,,,
04-Jul,1904,7,23.4,,9.2,,16.3,,32.2,,2.2,,112,,0,,112,,,,,,,
04-Aug,1904,8,20.8,,7.5,,14.2,,28.3,,0,,30.2,,0,,30.2,,,,,,,
04-Sep,1904,9,15.7,,2.7,,9.2,,22.8,,-4.4,,67.1,,0,,67.1,,,,,,,
04-Oct,1904,10,12.1,,-1.9,,5.1,,20.6,,-7.8,,31.8,,0,,31.8,,,,,,,
04-Nov,1904,11,7.4,,-7,,0.2,,16.7,S,-21.1,,0,,3.8,,3.8,,,,,,,
04-Dec,1904,12,-7.3,,-18.1,,-12.7,,3.3,,-35.6,,0,,15.2,,15.2,,,,,,,
05-Jan,1905,1,-13.6,,-25.8,,-19.7,,-1.7,,-40,,0,,3.8,,3.8,,,,,,,
05-Feb,1905,2,-10.5,,-23.1,,-16.8,,7.8,,-38.9,S,0,,6.4,,6.4,,,,,,,
05-Mar,1905,3,5.3,,-8.4,,-1.6,,16.7,,-22.8,,4.3,,,M,,M,,,,,,
05-Apr,1905,4,11,,-4.3,,3.4,,27.2,,-12.8,S,3.8,,0,T,,M,,,,,,
05-May,1905,5,16.1,,2.6,,9.4,,23.9,S,-6.1,,49.5,,0,,49.5,,,,,,,
05-Jun,1905,6,18.6,,6.9,,12.8,,30.6,,0,S,82.8,,0,,82.8,,,,,,,
05-Jul,1905,7,23.7,,9.2,,16.5,,30,,3.9,,12.7,,0,,12.7,,,,,,,
05-Aug,1905,8,24.9,,9.3,,17.1,,30,,3.3,,59.2,,0,,59.2,,,,,,,
05-Sep,1905,9,17.3,,2.9,,10.1,,25.6,,-2.2,,27.9,,0,,27.9,,,,,,,
05-Oct,1905,10,7.1,,-4.3,,1.4,,22.2,,-18.3,,15,,2.5,,17.5,,,,,,,
05-Nov,1905,11,3.8,,-7.7,,-2,,14.4,S,-26.1,,0,T,0,T,0,T,,,,,,
05-Dec,1905,12,-4.6,,-16.1,,-10.4,,5,,-26.7,,0,,7.6,,7.6,,,,,,,
06-Jan,1906,1,-9.4,,-21.6,,-15.5,,5,,-40.6,,0,,15.2,,15.2,,,,,,,
06-Feb,1906,2,-9.4,,-21.6,,-15.5,,3.3,S,-37.2,,0,,2.5,,2.5,,,,,,,
06-Mar,1906,3,-4.7,,-15.7,,-10.2,,15.6,,-29.4,S,0,,0,,0,,,,,,,
06-Apr,1906,4,14.4,,0.2,,7.3,,26.7,,-8.9,,15.5,,0,T,15.5,,,,,,,
06-May,1906,5,14.9,,2.6,,8.8,,28.3,,-6.7,,19.6,,0,,19.6,,,,,,,
06-Jun,1906,6,21.7,,9.3,,15.5,,29.4,,0.6,,68.8,,0,,68.8,,,,,,,
06-Jul,1906,7,26.5,,12.2,,19.4,,33.9,S,6.1,,55.9,,0,,55.9,,,,,,,
06-Aug,1906,8,24,,8.9,,16.5,,35.6,,2.2,,63.5,,0,,63.5,,,,,,,
06-Sep,1906,9,18.6,,5.1,,11.9,,29.4,,-3.9,,36.8,,0,,36.8,,,,,,,
06-Oct,1906,10,12.3,,-1.9,,5.2,,21.1,,-9.4,,11.7,,0,,11.7,,,,,,,
06-Nov,1906,11,-1.6,,-8.5,,-5.1,,8.3,,-23.3,,22.4,,5.1,,27.4,,,,,,,
06-Dec,1906,12,-10.9,,-21.9,,-16.4,,3.9,,-33.9,,0,,,M,,M,,,,,,
07-Jan,1907,1,-22.4,,-33.4,,-27.9,,-4.4,,-44.4,,0,,30.5,,30.5,,,,,,,
07-Feb,1907,2,-10.3,,-22,,-16.2,,3.3,,-42.8,,0,,,M,,M,,,,,,
07-Mar,1907,3,-5.2,,-19,,-12.1,,3.3,,-26.7,,0,,20.3,,20.3,,,,,,,
07-Apr,1907,4,0.7,,-8.8,,-4.1,,10.6,,-16.7,S,0,T,7.6,,7.6,,,,,,,
07-May,1907,5,9,,-2.6,,3.2,,23.3,,-12.8,,14,,0,,14,,,,,,,
07-Jun,1907,6,21.1,,8.4,,14.8,,28.9,,1.1,,53.8,,0,,53.8,,,,,,,
07-Jul,1907,7,23.4,,10.4,,16.9,,28.9,,6.1,,37.6,,0,,37.6,,,,,,,
07-Aug,1907,8,21.1,,7.3,,14.2,,29.4,S,2.8,,65.5,,0,,65.5,,,,,,,
07-Sep,1907,9,15.4,,1.4,,8.4,,26.1,,-9.4,,26.4,,0,,26.4,,,,,,,
07-Oct,1907,10,14.6,,-2.9,,5.9,,22.8,S,-11.1,S,0.3,,0,,0.3,,,,,,,
07-Nov,1907,11,3.3,,-11.3,,-4,,13.3,,-19.4,,0,,1.3,,1.3,,,,,,,
07-Dec,1907,12,-5.2,,-17.1,,-11.2,,10,,-30.6,,0,,6.4,,6.4,,,,,,,
08-Jan,1908,1,-7.7,,-20.8,,-14.3,,3.3,S,-33.9,S,0,,2.5,,2.5,,,,,,,
08-Feb,1908,2,-9.2,,-19.6,,-14.4,,3.9,,-32.8,,0,,19.1,,19.1,,,,,,,
08-Mar,1908,3,-9.5,,-21.2,,-15.4,,3.3,,-31.7,,0,,16,,16,,,,,,,
08-Apr,1908,4,8.4,,-3.4,,2.5,,25.6,,-22.8,,16.3,,0,T,16.3,,,,,,,
08-May,1908,5,18.7,,3.7,,11.2,,27.8,,-6.1,S,16.5,,0,,16.5,,,,,,,
08-Jun,1908,6,19.1,,8.3,,13.7,,31.7,,2.2,,139.2,,0,,139.2,,,,,,,
08-Jul,1908,7,25.2,,11.1,,18.2,,36.1,,5,,31,,0,,31,,,,,,,
08-Aug,1908,8,22.3,,7.4,,14.9,,29.4,S,0,,50.3,,0,,50.3,,,,,,,
08-Sep,1908,9,19.6,,3.8,,11.7,,30,,-11.1,,8.9,,0,,8.9,,,,,,,
08-Oct,1908,10,8.2,,-3.3,,2.5,,21.7,,-10.6,S,41.9,,0,,41.9,,,,,,,
08-Nov,1908,11,2.6,,,M,,M,13.3,,,M,0,,6.4,,6.4,,,,,,,
08-Dec,1908,12,-8.6,,-18.8,,-13.7,,1.7,,-34.4,,0,,11.4,,11.4,,,,,,,
09-Jan,1909,1,-18.2,,-29.4,,-23.8,,1.7,,-44.4,,0,,20.3,,20.3,,,,,,,
09-Feb,1909,2,-14.8,,-23.9,,-19.4,,-1.1,,-38.3,S,0,,8.1,,8.1,,,,,,,
09-Mar,1909,3,-4.4,,-13.8,,-9.1,,2.8,,-23.9,,0,,11.4,,11.4,,,,,,,
09-Apr,1909,4,2.1,,-7.1,,-2.5,,12.2,,-18.9,,0,,3.8,,3.8,,,,,,,
09-May,1909,5,17,,3.8,,10.4,,25,S,-5.6,S,60.7,,0,,60.7,,,,,,,
09-Jun,1909,6,21.8,,10.8,,16.3,,28.9,S,3.9,,44.7,,0,,44.7,,,,,,,
09-Jul,1909,7,23.3,,13.6,,18.5,,28.9,,8.3,,156,,0,,156,,,,,,,
09-Aug,1909,8,25.3,,10.3,,17.8,,33.3,S,2.2,,5.8,,0,,5.8,,,,,,,
09-Sep,1909,9,22.6,,6.2,,14.4,,31.7,,-4.4,,14.5,,0,,14.5,,,,,,,
09-Oct,1909,10,9.5,,-2,,3.8,,23.9,,-13.3,,26.4,,0.3,,26.7,,,,,,,
09-Nov,1909,11,-3.8,,-14.9,,-9.4,,12.2,,-33.3,,13.2,,19.3,,32.5,,,,,,,
09-Dec,1909,12,-11.4,,-20.9,,-16.2,,1.7,,-30.6,S,0,,19.1,,19.1,,,,,,,
10-Jan,1910,1,-9.6,,-20.1,,-14.9,,1.7,,-37.2,,0,,7.6,,7.6,,,,,,,
10-Feb,1910,2,-12.1,,-25.7,,-18.9,,2.8,,-38.9,S,0,T,5.1,,5.1,,,,,,,
10-Mar,1910,3,6.7,,-6.1,,0.3,,22.8,,-26.1,S,0,,10.2,,10.2,,,,,,,
10-Apr,1910,4,14.4,,-0.4,,7,,30,,-8.3,,6.4,,0,,6.4,,,,,,,
10-May,1910,5,16.7,,2,,9.4,,25,,-9.4,,20.1,,0,,20.1,,,,,,,
10-Jun,1910,6,22.7,,9.3,,16,,35,,-2.2,,57.4,,0,,57.4,,,,,,,
10-Jul,1910,7,25.7,,11.1,,18.4,,33.9,S,6.7,S,55.4,,0,,55.4,,,,,,,
10-Aug,1910,8,21.2,,8.1,,14.7,,31.1,,-1.1,,55.6,,0,,55.6,,,,,,,
10-Sep,1910,9,16.6,,3.1,,9.9,,26.7,,-6.7,,39.4,,0,,39.4,,,,,,,
10-Oct,1910,10,11.8,,-2.4,,4.7,,24.4,,-10,S,8.1,,0,T,8.1,,,,,,,
10-Nov,1910,11,-3.9,,-12.5,,-8.2,,3.9,S,-25,,0,,3.8,,3.8,,,,,,,
10-Dec,1910,12,-8.4,,-18.7,,-13.6,,3.3,,-31.7,,0,,12.7,,12.7,,,,,,,
11-Jan,1911,1,-20.2,,-31.9,,-26.1,,0.6,,-42.8,,0,,66,,66,,,,,,,
11-Feb,1911,2,-13.1,,-24.8,,-19,,1.7,,-36.1,,0,,10.2,,10.2,,,,,,,
11-Mar,1911,3,0.2,,-10.5,,-5.2,,10.6,,-23.9,,0,,7.6,,7.6,,,,,,,
11-Apr,1911,4,10.1,,-2.8,,3.7,,23.9,,-13.9,S,29.7,,9.4,,39.1,,,,,,,
11-May,1911,5,15.2,,3.2,,9.2,,31.7,,-5,,61,,0,,61,,,,,,,
11-Jun,1911,6,22.7,,10.6,,16.7,,30.6,,4.4,,128.8,,0,,128.8,,,,,,,
11-Jul,1911,7,20.9,,8.2,,14.6,,27.8,,2.8,S,47.5,,0,,47.5,,,,,,,
11-Aug,1911,8,21.6,,7.6,,14.6,,29.4,S,1.1,,80.8,,0,,80.8,,,,,,,
11-Sep,1911,9,15.9,,3.1,,9.5,,23.3,,-5,,14.2,,0,,14.2,,,,,,,
11-Oct,1911,10,11.8,,-3.4,,4.2,,23.3,S,-14.4,,0,,0,,0,,,,,,,
11-Nov,1911,11,-5.4,,-17.5,,-11.5,,10,,-31.1,,0,,17.8,,17.8,,,,,,,
11-Dec,1911,12,-8.5,,-17.6,,-13.1,,1.7,,-39.4,,0,,20.3,,20.3,,,,,,,
12-Jan,1912,1,-18.8,,-27.7,,-23.3,,0.6,,-48.3,,0,,0,T,0,T,,,,,,
12-Feb,1912,2,-7.7,,-19.8,,-13.8,,1.1,S,-35.6,,0,,0,T,0,T,,,,,,
12-Mar,1912,3,-7.2,,-20.9,,-14.1,,9.4,,-35.6,,0,,15.2,,15.2,,,,,,,
12-Apr,1912,4,13.4,,-2.2,,5.6,,20.6,S,-10.6,,1.5,,0,,1.5,,,,,,,
12-May,1912,5,16.3,,4.1,,10.2,,28.3,S,-0.6,,77.5,,0,,77.5,,,,,,,
12-Jun,1912,6,24.7,,10.2,,17.5,,37.8,,0.6,,83.3,,0,,83.3,,,,,,,
12-Jul,1912,7,20.5,,10.3,,15.4,,25.6,S,3.9,,73.2,,0,,73.2,,,,,,,
12-Aug,1912,8,21.5,,10.7,,16.1,,27.8,,3.3,,63.2,,0,,63.2,,,,,,,
12-Sep,1912,9,14,,2.4,,8.2,,23.3,,-5.6,,75.4,,1,,76.5,,,,,,,
12-Oct,1912,10,10.3,,-1.3,,4.5,,22.2,,-6.1,,6.9,,0,T,6.9,,,,,,,
12-Nov,1912,11,2.3,,-5.9,,-1.8,,7.8,,-11.7,,11.4,,0,T,11.4,,,,,,,
12-Dec,1912,12,-4.4,,-16.7,,-10.6,,6.1,,-26.7,,0,,15.2,,15.2,,,,,,,
13-Jan,1913,1,-17.7,,-28,,-22.9,,5,,-46.1,,0,,25.4,,25.4,,,,,,,
13-Feb,1913,2,-11.2,,-22.3,,-16.8,,3.9,,-37.2,,0,,25.4,,25.4,,,,,,,
13-Mar,1913,3,-6.6,,-19.6,,-13.1,,5,,-35.6,,0,,6.4,,6.4,,,,,,,
13-Apr,1913,4,13,,0.1,,6.6,,25.6,,-6.7,,7.1,,0,,7.1,,,,,,,
13-May,1913,5,15.3,,2.5,,8.9,,27.2,,-6.7,,8.9,,0,,8.9,,,,,,,
13-Jun,1913,6,22.3,,10,,16.2,,32.2,,1.1,,74.2,,0,,74.2,,,,,,,
13-Jul,1913,7,22.8,,10.3,,16.6,,30.6,,4.4,,54.4,,0,,54.4,,,,,,,
13-Aug,1913,8,23.1,,9.9,,16.5,,30,S,4.4,,65.5,,0,,65.5,,,,,,,
13-Sep,1913,9,18.7,,3.9,,11.3,,30.6,,-1.1,S,56.6,,0,,56.6,,,,,,,
13-Oct,1913,10,6.6,,-4,,1.3,,20.6,,-18.3,S,8.9,,3.6,,12.4,,,,,,,
13-Nov,1913,11,2.2,,-9.5,,-3.7,,12.8,,-20,,0,T,16.5,,16.5,,,,,,,
13-Dec,1913,12,-4.2,,-14.1,,-9.2,,3.3,,-25,,0,,2.5,,2.5,,,,,,,
14-Jan,1914,1,-9.4,,-20.9,,-15.2,,3.3,,-37.2,S,0,,22.9,,22.9,,,,,,,
14-Feb,1914,2,-15.1,,-28.1,,-21.6,,4.4,,-42.8,,0,,10.2,,10.2,,,,,,,
14-Mar,1914,3,-1.5,,-11,,-6.3,,8.9,,-25.6,,0.3,,12.2,,12.4,,,,,,,
14-Apr,1914,4,9.8,,-3.2,,3.3,,22.2,,-12.8,,10.2,,0,,10.2,,,,,,,
14-May,1914,5,17.2,,3.6,,10.4,,27.8,S,-4.4,,41.9,,0,,41.9,,,,,,,
14-Jun,1914,6,21.7,,9.1,,15.4,,30,,3.9,S,45.5,,0,,45.5,,,,,,,
14-Jul,1914,7,28.8,,13.2,,21,,37.2,,6.1,S,23.9,,0,,23.9,,,,,,,
14-Aug,1914,8,24.3,,8.8,,16.6,,33.3,,1.1,S,10.4,,0,,10.4,,,,,,,
14-Sep,1914,9,18.1,,4.6,,11.4,,27.2,S,-1.7,,36.6,,0,,36.6,,,,,,,
14-Oct,1914,10,12.2,,0.4,,6.3,,27.8,,-7.8,S,65.5,,0,T,65.5,,,,,,,
14-Nov,1914,11,0.3,,-8.8,,-4.3,,11.1,S,-26.7,,4.3,,22.9,,27.2,,,,,,,
14-Dec,1914,12,-11.7,,-18.6,,-15.2,,-2.8,S,-33.9,,0,,14,,14,,,,,,,
15-Jan,1915,1,-12.3,,-21.3,,-16.8,,0.6,,-42.8,,0,,14,,14,,,,,,,
15-Feb,1915,2,-7.1,,-16.3,,-11.7,,-0.6,S,-26.7,,0,,7.6,,7.6,,,,,,,
15-Mar,1915,3,-1.2,,-11.5,,-6.4,,7.2,,-22.8,,0,,0,,0,,,,,,,
15-Apr,1915,4,15.9,,1.4,,8.7,,26.1,,-6.7,,3,,0,,3,,,,,,,
15-May,1915,5,18.9,,4.2,,11.6,,26.7,,-5,,33.3,,0,,33.3,,,,,,,
15-Jun,1915,6,19.4,,7.1,,13.3,,26.1,,-1.7,,49.8,,0,,49.8,,,,,,,
15-Jul,1915,7,21.7,,9.5,,15.6,,28.3,,3.9,,51.8,,0,,51.8,,,,,,,
15-Aug,1915,8,26.3,,11,,18.7,,33.3,S,2.8,,30,,0,,30,,,,,,,
15-Sep,1915,9,14.2,,2.7,,8.5,,24.4,S,-5,,32,,0,,32,,,,,,,
15-Oct,1915,10,12.3,,-1.7,,5.3,,20.6,,-5.6,S,12.4,,0,,12.4,,,,,,,
15-Nov,1915,11,-0.3,,-12.1,,-6.2,,10.6,,-23.9,,0,,15.5,,15.5,,,,,,,
15-Dec,1915,12,-7.3,,-16.6,,-12,,2.2,,-26.7,,0,,18.5,,18.5,,,,,,,
16-Jan,1916,1,-21.6,,-31.8,,-26.7,,-8.3,S,-46.1,,0,,14,,14,,,,,,,
16-Feb,1916,2,-10.2,,-21.1,,-15.7,,6.7,,-35.6,S,0,,4.1,,4.1,,,,,,,
16-Mar,1916,3,-6.2,,-16.9,,-11.6,,6.1,S,-33.3,S,3.8,,14,,17.8,,,,,,,
16-Apr,1916,4,8.8,,-1.6,,3.6,,23.3,,-10,,15.2,,1,,16.3,,,,,,,
16-May,1916,5,14.3,,2.5,,8.4,,25.6,,-7.2,,54.1,,0,,54.1,,,,,,,
16-Jun,1916,6,18.6,,7.7,,13.2,,25.6,,0,,50.8,,0,,50.8,,,,,,,
16-Jul,1916,7,24.5,,13.3,,18.9,,32.2,,8.9,,121.7,,0,,121.7,,,,,,,
16-Aug,1916,8,21.9,,8.6,,15.3,,28.3,,2.8,,50.5,,0,,50.5,,,,,,,
16-Sep,1916,9,16.9,,2.7,,9.8,,25.6,,-4.4,,35.1,,0,,35.1,,,,,,,
16-Oct,1916,10,7.6,,-2.9,,2.4,,18.9,,-12.2,,3.6,,19.8,,23.4,,,,,,,
16-Nov,1916,11,1.7,,-8.6,,-3.5,,13.9,,-18.9,,0,,3,,3,,,,,,,
16-Dec,1916,12,-12.1,,-23.7,,-17.9,,7.2,,-37.2,S,0,,11.4,,11.4,,,,,,,
17-Jan,1917,1,-15.4,,-27,,-21.2,,6.1,,-38.3,S,0,,33,,33,,,,,,,
17-Feb,1917,2,-15.8,,-27.8,,-21.8,,2.2,,-42.8,,0,,10.2,,10.2,,,,,,,
17-Mar,1917,3,-3.8,,-16.1,,-10,,3.9,,-36.7,,9.7,,15,,24.6,,,,,,,
17-Apr,1917,4,3.3,,-4.8,,-0.8,,8.9,S,-16.7,S,9.7,,19.6,,29.2,,,,,,,
17-May,1917,5,18.7,,3.2,,11,,32.8,,-5,,8.6,,0,,8.6,,,,,,,
17-Jun,1917,6,20.3,,6.5,,13.4,,29.4,,-0.6,,56.9,,0,,56.9,,,,,,,
17-Jul,1917,7,27.5,,11.8,,19.7,,33.3,,5,,34.8,,0,,34.8,,,,,,,
17-Aug,1917,8,23.9,,8.4,,16.2,,33.3,,3.9,,51.6,,0,,51.6,,,,,,,
17-Sep,1917,9,19.2,,4.1,,11.7,,31.1,,-3.3,,34.3,,0,,34.3,,,,,,,
17-Oct,1917,10,7.7,,-5.6,,1.1,,23.3,,-21.7,,2,,15.2,,17.3,,,,,,,
17-Nov,1917,11,8.3,,-3,,2.7,,15,,-11.1,,3.3,,3.3,,6.6,,,,,,,
17-Dec,1917,12,-18.9,,-29.2,,-24.1,,-3.3,,-40.6,S,0,,16.5,,16.5,,,,,,,
18-Jan,1918,1,-16.1,,-25.9,,-21,,3.3,S,-41.1,S,0,,15.2,,15.2,,,,,,,
18-Feb,1918,2,-11.3,,-23.3,,-17.3,,5,,-40,S,0,,5.1,,5.1,,,,,,,
18-Mar,1918,3,0.6,,-11.4,,-5.4,,16.7,,-30,,0.8,,17.8,,18.5,,,,,,,
18-Apr,1918,4,12.2,,-3.6,,4.3,,26.1,,-11.1,,43.7,,6.4,,50,,,,,,,
18-May,1918,5,14.3,,,M,,M,30,,,M,25.1,,5.1,,30.2,,,,,,,
18-Jun,1918,6,23.6,,,M,,M,38.3,,,M,41.9,,0,,41.9,,,,,,,
18-Jul,1918,7,23.7,,9.3,,16.5,,35,,-0.6,,84.6,,0,,84.6,,,,,,,
18-Aug,1918,8,23.9,,10,,17,,31.1,,3.9,,39.9,,0,,39.9,,,,,,,
18-Sep,1918,9,18.6,,1.3,,10,,28.9,,-8.3,,5.6,,0,,5.6,,,,,,,
18-Oct,1918,10,12.3,,-2.5,,4.9,,22.2,,-13.9,S,10.2,,0,,10.2,,,,,,,
18-Nov,1918,11,3.8,,-9.4,,-2.8,,12.8,,-18.9,,0.3,,3.8,,4.1,,,,,,,
18-Dec,1918,12,-4.7,,-15.3,,-10,,5,,-31.7,,0,,7.6,,7.6,,,,,,,
19-Jan,1919,1,-3.4,,-16.2,,-9.8,,5.6,S,-33.9,,0,,15.2,,15.2,,,,,,,
19-Feb,1919,2,-13.4,,-24.8,,-19.1,,1.7,,-44.4,,0,,10.2,,10.2,,,,,,,
19-Mar,1919,3,-7.8,,-20.3,,-14.1,,3.9,S,-33.9,,0,,14.2,,14.2,,,,,,,
19-Apr,1919,4,12.3,,-0.8,,5.8,,23.9,,-8.3,,24.1,,0,,24.1,,,,,,,
19-May,1919,5,21.1,,4.6,,12.9,,36.1,,-7.2,,4.8,,0,,4.8,,,,,,,
19-Jun,1919,6,26.1,,10.2,,18.2,,34.4,,-3.3,,49.8,,0,,49.8,,,,,,,
19-Jul,1919,7,26.7,,11.5,,19.1,,40,,5.6,,35.6,,0,,35.6,,,,,,,
19-Aug,1919,8,25.1,,10.6,,17.9,,33.3,,3.3,,53.3,,0,,53.3,,,,,,,
19-Sep,1919,9,17.9,,4.6,,11.3,,26.7,,-3.3,S,54.9,,0,,54.9,,,,,,,
19-Oct,1919,10,3.3,,-8.6,,-2.7,,20.6,,-25.6,,2.8,,16.5,,19.3,,,,,,,
19-Nov,1919,11,-7.2,,-16.2,,-11.7,,7.8,,-33.3,,0,,4.6,,4.6,,,,,,,
19-Dec,1919,12,-10.9,,-20.3,,-15.6,,4.4,S,-35,,0,,6.6,,6.6,,,,,,,
20-Jan,1920,1,-15.1,,-25.4,,-20.3,,0.6,,-40.6,S,0,,35.6,,35.6,,,,,,,
20-Feb,1920,2,-5.5,,-16.3,,-10.9,,3.3,,-32.2,,0,,16.5,,16.5,,,,,,,
20-Mar,1920,3,-3.9,,-14.3,,-9.1,,7.8,,-31.1,,0,T,34.3,,34.3,,,,,,,
20-Apr,1920,4,1.5,,-7.7,,-3.1,,13.3,,-21.1,S,10.2,,0,T,10.2,,,,,,,
20-May,1920,5,17.9,,3.8,,10.9,,26.7,,-0.6,S,36.3,,0,,36.3,,,,,,,
20-Jun,1920,6,21.2,,8.2,,14.7,,27.2,S,1.1,,25.1,,0,,25.1,,,,,,,
20-Jul,1920,7,26.7,,12.1,,19.4,,35.6,,6.1,,56.9,,0,,56.9,,,,,,,
20-Aug,1920,8,25.4,,10.8,,18.1,,35,,1.7,S,63.5,,0,,63.5,,,,,,,
20-Sep,1920,9,19.7,,5.2,,12.5,,27.8,,-2.8,,50.5,,0,,50.5,,,,,,,
20-Oct,1920,10,14.2,,-0.5,,6.9,,27.8,,-6.1,S,40.4,,0,T,40.4,,,,,,,
20-Nov,1920,11,0.1,,-7.4,,-3.7,,5.6,S,-17.2,S,5.8,,1.3,,7.1,,,,,,,
20-Dec,1920,12,-7.2,,-15.7,,-11.5,,3.3,,-29.4,,0,,8.9,,8.9,,,,,,,
21-Jan,1921,1,-8.2,,-19,,-13.6,,3.9,,-30,,0,,12.2,,12.2,,,,,,,
21-Feb,1921,2,-7.2,,-18.2,,-12.7,,8.3,,-34.4,,0,,23.6,,23.6,,,,,,,
21-Mar,1921,3,-4.4,,-16.2,,-10.3,,7.2,,-31.7,,0,,54.6,,54.6,,,,,,,
21-Apr,1921,4,6.7,,-3.9,,1.4,,17.8,,-15,,31.8,,20.3,,52.1,,,,,,,
21-May,1921,5,16.7,,4.7,,10.7,,27.2,,-3.3,,43.2,,8.9,,52.1,,,,,,,
21-Jun,1921,6,24.4,,12.4,,18.4,,31.1,,-1.1,,104.4,,0,,104.4,,,,,,,
21-Jul,1921,7,25.3,,11.5,,18.4,,35,,8.3,,86.4,,0,,86.4,,,,,,,
21-Aug,1921,8,24.7,,8.7,,16.7,,35,,2.8,,6.6,,0,,6.6,,,,,,,
21-Sep,1921,9,16.6,,4.2,,10.4,,26.7,,-1.1,,75.7,,10.9,,86.6,,,,,,,
21-Oct,1921,10,12.4,,-0.4,,6,,21.7,,-5,S,9.1,,0,,9.1,,,,,,,
21-Nov,1921,11,-4.4,,-13.2,,-8.8,,13.3,,-27.8,S,0.3,,35.6,,35.8,,,,,,,
21-Dec,1921,12,-8.7,,-18.8,,-13.8,,3.9,,-38.3,,0,T,14,,14,,,,,,,
22-Jan,1922,1,-11.8,,-24.1,,-18,,5,,-42.2,,0,,13,,13,,,,,,,
22-Feb,1922,2,-16.8,,-28.3,,-22.6,,-7.8,,-37.2,S,0,,13.5,,13.5,,,,,,,
22-Mar,1922,3,-3,,-14.7,,-8.9,,4.4,,-26.1,,0,,22.1,,22.1,,,,,,,
22-Apr,1922,4,8.8,,-1.9,,3.5,,23.3,,-10.6,,7.1,,2.3,,9.4,,,,,,,
22-May,1922,5,18.2,,5.9,,12.1,,31.1,,0.6,S,65.8,,0,,65.8,,,,,,,
22-Jun,1922,6,23.6,,9.6,,16.6,,32.2,S,2.2,,32.5,,0,,32.5,,,,,,,
22-Jul,1922,7,25.9,,9.8,,17.9,,31.7,,4.4,,20.1,,0,,20.1,,,,,,,
22-Aug,1922,8,25.3,,11.7,,18.5,,37.8,,3.9,,98.3,,0,,98.3,,,,,,,
22-Sep,1922,9,21.6,,5.2,,13.4,,33.3,,-1.7,,19.6,,0,,19.6,,,,,,,
22-Oct,1922,10,10.3,,-1.4,,4.5,,21.7,,-5,S,19.3,,2.5,,21.8,,,,,,,
22-Nov,1922,11,2.1,,-9.1,,-3.5,,11.7,,-22.8,,0,,3.3,,3.3,,,,,,,
22-Dec,1922,12,-13.1,,-22.1,,-17.6,,2.2,,-34.4,S,0,,21.8,,21.8,,,,,,,
23-Jan,1923,1,-11.5,,-23.3,,-17.4,,5,S,-32.8,S,0,,9.7,,9.7,,,,,,,
23-Feb,1923,2,-12.5,,-25.8,,-19.2,,5,,-39.4,S,0,,16.3,,16.3,,,,,,,
23-Mar,1923,3,-5.4,,-18.2,,-11.8,,6.1,,-30,,0,,20.6,,20.6,,,,,,,
23-Apr,1923,4,9.2,,-4.2,,2.5,,26.7,,-20,,17.3,,0,T,17.3,,,,,,,
23-May,1923,5,18.1,,3.6,,10.9,,28.9,,-6.1,,42.2,,0,T,42.2,,,,,,,
23-Jun,1923,6,22.5,,11,,16.8,,32.2,,6.7,,129.8,,0,,129.8,,,,,,,
23-Jul,1923,7,25.1,,13.1,,19.1,,30.6,S,5.6,,136.4,,0,,136.4,,,,,,,
23-Aug,1923,8,22.2,,9.6,,15.9,,28.3,,3.9,,71.4,,0,,71.4,,,,,,,
23-Sep,1923,9,19.2,,4.7,,12,,30.6,,-6.1,,22.6,,0,,22.6,,,,,,,
23-Oct,1923,10,13.9,,-1.2,,6.4,,23.9,S,-10,,7.4,,0,T,7.4,,,,,,,
23-Nov,1923,11,5.6,,-8.1,,-1.3,,16.1,,-17.2,S,4.6,,7.6,,12.2,,,,,,,
23-Dec,1923,12,-3.1,,-14.5,,-8.8,,8.9,,-32.8,,0,,3.3,,3.3,,,,,,,
24-Jan,1924,1,-14.2,,-25.8,,-20,,5,,-38.3,,0,,21.8,,21.8,,,,,,,
24-Feb,1924,2,-4.4,,-16.2,,-10.3,,7.8,,-33.3,,0,,43.4,,43.4,,,,,,,
24-Mar,1924,3,-1.1,,-11.2,,-6.2,,3.9,,-22.2,,0,,11.4,,11.4,,,,,,,
24-Apr,1924,4,7.6,,-3.7,,2,,17.2,,-10,,1,,11.9,,13,,,,,,,
24-May,1924,5,16.2,,0.9,,8.6,,26.7,,-5.6,,5.8,,10.4,,16.3,,,,,,,
24-Jun,1924,6,21.2,,6.8,,14,,30,,2.8,S,29,,0,,29,,,,,,,
24-Jul,1924,7,27.1,,11.3,,19.2,,33.9,,5.6,,9.7,,0,,9.7,,,,,,,
24-Aug,1924,8,21.9,,8.5,,15.2,,30,,2.2,,41.1,,0,,41.1,,,,,,,
24-Sep,1924,9,20.5,,4.7,,12.6,,31.7,,-2.8,,31.8,,0,,31.8,,,,,,,
24-Oct,1924,10,14.3,,0.6,,7.5,,25,,-8.3,,48.3,,1.8,,50,,,,,,,
24-Nov,1924,11,-1.6,,-10.7,,-6.2,,6.7,,-26.7,,16.5,,17.8,,34.3,,,,,,,
24-Dec,1924,12,-14.2,,-24.7,,-19.5,,5.6,,-39.4,,0,T,30.5,,30.5,,,,,,,
25-Jan,1925,1,-11.9,,-23.7,,-17.8,,3.3,,-37.2,S,0,,42.7,,42.7,,,,,,,
25-Feb,1925,2,-11.7,,-22.2,,-17,,3.9,,-34.4,S,0,,25.7,,25.7,,,,,,,
25-Mar,1925,3,-3.2,,-14.6,,-8.9,,5.6,,-31.7,,0,,8.9,,8.9,,,,,,,
25-Apr,1925,4,10.6,,0.1,,5.4,,22.2,,-3.3,S,36.3,,0,,36.3,,,,,,,
25-May,1925,5,19.3,,4,,11.7,,33.9,,-3.9,,17.5,,0,,17.5,,,,,,,
25-Jun,1925,6,20.4,,9.8,,15.1,,27.8,,3.9,,124.7,,0,,124.7,,,,,,,
25-Jul,1925,7,25.8,,11.1,,18.5,,35.6,,4.4,,29.7,,0,,29.7,,,,,,,
25-Aug,1925,8,24.6,,9.5,,17.1,,35.6,,2.2,,49,,0,,49,,,,,,,
25-Sep,1925,9,18.2,,5.2,,11.7,,31.1,,-2.2,,34,,11.4,,45.5,,,,,,,
25-Oct,1925,10,4.1,,-6.3,,-1.1,,15,,-18.3,,18.8,,8.9,,27.7,,,,,,,
25-Nov,1925,11,0.6,,-10.6,,-5,,11.1,,-25,,0,,7.6,,7.6,,,,,,,
25-Dec,1925,12,-5.8,,-14.5,,-10.2,,8.9,,-31.7,,0,,6.4,,6.4,,,,,,,
26-Jan,1926,1,-5.1,,-15.8,,-10.5,,4.4,,-30,S,0,,12.7,,12.7,,,,,,,
26-Feb,1926,2,-4.6,,-15.2,,-9.9,,5.6,S,-28.3,,0,,10.2,,10.2,,,,,,,
26-Mar,1926,3,0.6,,-10,,-4.7,,12.8,,-18.3,,4.3,,4.8,,9.1,,,,,,,
26-Apr,1926,4,11.4,,-2.6,,4.4,,26.7,,-16.1,,29.5,,0,T,29.5,,,,,,,
26-May,1926,5,18.3,,6,,12.2,,31.1,,0.6,,69.1,,0,,69.1,,,,,,,
26-Jun,1926,6,20.2,,7.6,,13.9,,32.2,,2.8,,35.1,,0,,35.1,,,,,,,
26-Jul,1926,7,27.3,,12.6,,20,,36.1,,6.1,,60.7,,0,,60.7,,,,,,,
26-Aug,1926,8,23.9,,8.2,,16.1,,35,,1.7,,46.7,,0,,46.7,,,,,,,
26-Sep,1926,9,13.7,,0.9,,7.3,,23.9,,-5.6,S,18.5,,10.2,,28.7,,,,,,,
26-Oct,1926,10,9,,-1.9,,3.6,,20.6,,-9.4,,19.3,,8.4,,27.7,,,,,,,
26-Nov,1926,11,-4.7,,-12.8,,-8.8,,12.2,S,-30,S,1.3,,36.8,,38.1,,,,,,,
26-Dec,1926,12,-11.4,,-21.5,,-16.5,,3.9,S,-36.1,,1.3,,8.9,,10.2,,,,,,,
27-Jan,1927,1,-11.9,,-22.9,,-17.4,,2.8,,-41.1,,0,,22.1,,22.1,,,,,,,
27-Feb,1927,2,-11.6,,-24.2,,-17.9,,3.3,,-35.6,,0,,11.7,,11.7,,,,,,,
27-Mar,1927,3,-0.9,,-12.3,,-6.6,,8.3,,-26.1,,0,,58.9,,58.9,,,,,,,
27-Apr,1927,4,7.5,,-3.3,,2.1,,20.6,S,-16.1,,3.8,,31,,34.8,,,,,,,
27-May,1927,5,13.7,,2.7,,8.2,,22.2,,-2.8,,72.9,,0,,72.9,,,,,,,
27-Jun,1927,6,22.6,,9.4,,16,,31.1,,2.8,,42.4,,0,,42.4,,,,,,,
27-Jul,1927,7,24.1,,11.8,,18,,33.3,,6.7,S,149.9,,0,,149.9,,,,,,,
27-Aug,1927,8,24.9,,8.7,,16.8,,31.1,,2.8,,22.4,,0,,22.4,,,,,,,
27-Sep,1927,9,18.6,,3.9,,11.3,,31.1,,-3.9,,68.1,,0,T,68.1,,,,,,,
27-Oct,1927,10,12.1,,-0.3,,5.9,,27.8,,-5.6,,33,,0,T,33,,,,,,,
27-Nov,1927,11,-7.6,,-18.2,,-12.9,,8.9,,-32.8,,0,,26.7,,26.7,,,,,,,
27-Dec,1927,12,-16.8,,-27.3,,-22.1,,2.8,,-36.7,S,0,,7.6,,7.6,,,,,,,
28-Jan,1928,1,-8.2,,-20.2,,-14.2,,6.7,,-39.4,,0,,2.5,,2.5,,,,,,,
28-Feb,1928,2,-4.6,,-16,,-10.3,,5.6,,-27.8,,0,,3.8,,3.8,,,,,,,
28-Mar,1928,3,0.6,,-11.2,,-5.3,,18.3,,-23.3,,0,,22.4,,22.4,,,,,,,
28-Apr,1928,4,5.7,,-5.7,,0,,26.7,,-16.1,,5.6,,10.2,,15.7,,,,,,,
28-May,1928,5,21.8,,5.3,,13.6,,35,,-4.4,,14.2,,0,,14.2,,,,,,,
28-Jun,1928,6,19.7,,8.4,,14.1,,30,,3.3,,98.8,,0,,98.8,,,,,,,
28-Jul,1928,7,24.8,,12.3,,18.6,,32.2,,8.3,,162.8,,0,,162.8,,,,,,,
28-Aug,1928,8,22.7,,7.7,,15.2,,36.1,,1.1,,48,,0,,48,,,,,,,
28-Sep,1928,9,19.4,,1.5,,10.5,,31.1,S,-7.8,S,3,,0,,3,,,,,,,
28-Oct,1928,10,8.7,,-3,,2.9,,16.1,,-10.6,S,6.9,,19.1,,25.9,,,,,,,
28-Nov,1928,11,3.7,,-8.3,,-2.3,,10.6,,-14.4,,2.5,,0,,2.5,,,,,,,
28-Dec,1928,12,-2.9,,-13.6,,-8.3,,6.7,,-31.1,S,0,,6.4,,6.4,,,,,,,
29-Jan,1929,1,-17,,-27.9,,-22.5,,3.3,,-37.8,S,0,,35.8,,35.8,,,,,,,
29-Feb,1929,2,-12.3,,-23.8,,-18.1,,0.6,,-36.7,,0,,7.9,,7.9,,,,,,,
29-Mar,1929,3,2,,-10.2,,-4.1,,20.6,,-25.6,,0,,12.7,,12.7,,,,,,,
29-Apr,1929,4,6.8,,-4.2,,1.3,,20.6,,-17.2,,13.2,,14,,27.2,,,,,,,
29-May,1929,5,14.8,,1.1,,8,,27.8,,-6.7,S,35.1,,11.4,,46.5,,,,,,,
29-Jun,1929,6,22.3,,9.2,,15.8,,32.2,,4.4,S,52.6,,0,,52.6,,,,,,,
29-Jul,1929,7,26.7,,11.1,,18.9,,37.8,,7.8,S,31.5,,0,,31.5,,,,,,,
29-Aug,1929,8,27.1,,9.1,,18.1,,34.4,,1.1,,9.9,,0,,9.9,,,,,,,
29-Sep,1929,9,16.2,,3.5,,9.9,,29.4,,-1.7,,33.3,,0,,33.3,,,,,,,
29-Oct,1929,10,15.5,,-1.5,,7,,26.1,,-7.8,S,0.8,,0.8,,1.5,,,,,,,
29-Nov,1929,11,0.9,,-9.2,,-4.2,,13.3,,-26.7,,0,T,33.8,,33.8,,,,,,,
29-Dec,1929,12,-11.1,,-21.9,,-16.5,,3.9,,-35.6,S,0,,12.4,,12.4,,,,,,,
30-Jan,1930,1,-17,,-27.2,,-22.1,,-2.8,,-42.2,,0,,6.4,,6.4,,,,,,,
Feb-30,1930,2,-3.4,,-16.4,,-9.9,,8.3,,-35.6,,,M,12.7,,,M,,,,,,
30-Mar,1930,3,-0.2,,-12.3,,-6.3,,9.4,,-24.4,,0,,1.3,,1.3,,,,,,,
30-Apr,1930,4,13.1,,-0.9,,6.1,,21.1,,-8.3,,30.2,,0,T,30.2,,,,,,,
30-May,1930,5,15.6,,2.7,,9.2,,25,,-2.8,,32,,0,,32,,,,,,,
30-Jun,1930,6,22.4,,10.1,,16.3,,33.3,,-0.6,,71.9,,0,,71.9,,,,,,,
30-Jul,1930,7,26.5,,12.5,,19.5,,37.2,,7.8,,30,,0,,30,,,,,,,
30-Aug,1930,8,28.1,,10.3,,19.2,,37.8,,-1.1,,21.8,,0,,21.8,,,,,,,
30-Sep,1930,9,17.7,,3.8,,10.8,,30,,-10,,65.8,,0,,65.8,,,,,,,
30-Oct,1930,10,6.4,,-3.1,,1.7,,22.2,,-14.4,S,12.2,,40.6,,52.8,,,,,,,
30-Nov,1930,11,2.4,,-8.7,,-3.2,,13.9,,-19.4,S,0,,6.4,,6.4,,,,,,,
30-Dec,1930,12,-2.8,,-11.2,,-7,,3.9,,-22.8,S,0,,0,T,0,T,,,,,,
31-Jan,1931,1,-4.4,,-13.8,,-9.1,,10,,-26.7,S,0,,7.6,,7.6,,,,,,,
Feb-31,1931,2,3.7,,-8.9,,-2.6,,12.8,,-17.2,,0,,2.5,,2.5,,,,,,,
31-Mar,1931,3,-0.8,,-11.4,,-6.1,,11.1,,-26.7,,10.9,,8.6,,19.6,,,,,,,
Apr-31,1931,4,12.7,,-3,,4.9,,25,,-8.9,,7.1,,0,T,7.1,,,,,,,
31-May,1931,5,19.3,,2.2,,10.8,,35,,-6.7,,24.4,,0,,24.4,,,,,,,
Jun-31,1931,6,24.6,,9.2,,16.9,,36.1,,1.7,,86.1,,0,,86.1,,,,,,,
31-Jul,1931,7,25.1,,11.4,,18.3,,35.6,,5,S,35.1,,0,,35.1,,,,,,,
31-Aug,1931,8,24.2,,9.6,,16.9,,35.6,,4.4,,16.8,,0,,16.8,,,,,,,
Sep-31,1931,9,17.3,,4.9,,11.1,,31.1,,-1.7,S,83.8,,0,,83.8,,,,,,,
31-Oct,1931,10,12.8,,-0.5,,6.2,,21.7,,-5,,14,,0,T,14,,,,,,,
Nov-31,1931,11,-1.2,,-12.2,,-6.7,,16.1,,-26.1,,0,,30,,30,,,,,,,
31-Dec,1931,12,-4.6,,-14.8,,-9.7,,5,,-27.2,,1.8,,19.6,,21.3,,,,,,,
Jan-32,1932,1,-10.9,,-22.2,,-16.6,,2.8,,-40,,1,,15,,16,,,,,,,
Feb-32,1932,2,-12,,-22.4,,-17.2,,7.2,,-37.8,,0,T,5.6,,5.6,,,,,,,
Mar-32,1932,3,-7.3,,-17.9,,-12.6,,4.4,,-32.8,,0,,20.1,,20.1,,,,,,,
Apr-32,1932,4,8.9,,-2.1,,3.4,,18.3,,-15.6,,27.9,,1,,29,,,,,,,
May-32,1932,5,19.9,,3.6,,11.8,,28.9,S,-3.3,,7.6,,0,T,7.6,,,,,,,
Jun-32,1932,6,23.2,,10.8,,17,,28.9,,3.3,,93.7,,0,,93.7,,,,,,,
Jul-32,1932,7,24.9,,11.1,,18,,36.1,,3.9,,35.6,,0,,35.6,,,,,,,
Aug-32,1932,8,25.2,,10.4,,17.8,,33.9,,5.6,,50.5,,0,,50.5,,,,,,,
Sep-32,1932,9,20,,3,,11.5,,33.3,,-3.3,,24.4,,0,,24.4,,,,,,,
Oct-32,1932,10,7.7,,-5.1,,1.3,,25,,-13.9,S,4.6,,3.8,,8.4,,,,,,,
Nov-32,1932,11,-2.9,,-12,,-7.5,,12.8,,-22.2,,0,T,6.4,,6.4,,,,,,,
Dec-32,1932,12,-8.8,,-22.4,,-15.6,,9.4,,-36.1,,0,,14.5,,14.5,,,,,,,
Jan-33,1933,1,-11.6,,-24.7,,-18.2,,2.8,,-37.2,,0,,14.2,,14.2,,,,,,,
Feb-33,1933,2,-10.7,,-25.3,,-18,,6.7,,-38.9,,0,,11.2,,11.2,,,,,,,
Mar-33,1933,3,-1.2,,-14.1,,-7.7,,15.6,,-35,,1.5,,29.2,,30.7,,,,,,,
Apr-33,1933,4,8.7,,-3.7,,2.5,,25,,-7.8,,5.6,,8.9,,14.5,,,,,,,
May-33,1933,5,17.8,,5.2,,11.5,,32.2,,-1.7,,47.5,,0,,47.5,,,,,,,
Jun-33,1933,6,25.2,,9.7,,17.5,,39.4,,1.1,,22.4,,0,,22.4,,,,,,,
Jul-33,1933,7,27.1,,10.4,,18.8,,38.3,,3.9,,24.1,,0,,24.1,,,,,,,
Aug-33,1933,8,27.3,,9.2,,18.3,,35,,0,,34.8,,0,,34.8,,,,,,,
Sep-33,1933,9,16.3,,5,,10.7,,28.3,,-5,,59.7,,0,,59.7,,,,,,,
Oct-33,1933,10,8.3,,-5.2,,1.6,,23.9,,-17.8,,8.1,,25.9,,34,,,,,,,
Nov-33,1933,11,0.4,,-10.4,,-5,,8.3,S,-21.1,,2.3,,7.4,,9.7,,,,,,,
Dec-33,1933,12,-15.9,,-26,,-21,,5.6,,-38.9,,0,,37.6,,37.6,,,,,,,
Jan-34,1934,1,-6.2,,-18,,-12.1,,5,,-31.7,,0.3,,19.6,,19.8,,,,,,,
Feb-34,1934,2,-4.1,,-11.9,,-8,,6.1,,-29.4,,0,,2,,2,,,,,,,
Mar-34,1934,3,-0.6,,-9.9,,-5.3,,11.7,,-23.3,,3,,14,,17,,,,,,,
Apr-34,1934,4,11.6,,-1.6,,5,,28.3,,-15.6,,3.6,,16.8,,20.3,,,,,,,
May-34,1934,5,22.2,,6.9,,14.6,,35,,-2.2,S,6.9,,0,T,6.9,,,,,,,
Jun-34,1934,6,20,,8,,14,,26.1,,3.3,,123.4,,0,,123.4,,,,,,,
Jul-34,1934,7,25.7,,10.7,,18.2,,35.6,,1.7,,31,,0,,31,,,,,,,
Aug-34,1934,8,24.2,,8.6,,16.4,,33.3,,-1.7,,35.6,,0,,35.6,,,,,,,
Sep-34,1934,9,13.1,,1.6,,7.4,,30,,-6.1,,20.6,,10.4,,31,,,,,,,
Oct-34,1934,10,13.6,,-1.2,,6.2,,30.6,,-13.9,,3.3,,0,T,3.3,,,,,,,
Nov-34,1934,11,1.7,,-8.8,,-3.6,,14.4,,-22.2,,1,,13.2,,14.2,,,,,,,
Dec-34,1934,12,-10.4,,-19.1,,-14.8,,1.7,,-41.7,,0,,21.3,,21.3,,,,,,,
Jan-35,1935,1,-18.8,,-27.9,,-23.4,,1.1,,-43.9,,0,,28.7,,28.7,,,,,,,
Feb-35,1935,2,-4.1,,-15,,-9.6,,5,,-29.4,,0.5,,3,,3.6,,,,,,,
Mar-35,1935,3,-5.5,,-14.9,,-10.2,,7.2,,-31.1,,0,,15.5,,15.5,,,,,,,
Apr-35,1935,4,7,,-4.8,,1.1,,20.6,S,-20,,10.7,,37.3,,48,,,,,,,
May-35,1935,5,15,,3.4,,9.2,,25.6,,-3.9,,22.6,,0,T,22.6,,,,,,,
Jun-35,1935,6,19.7,,7.4,,13.6,,30.6,,-2.2,,118.1,,0,,118.1,,,,,,,
Jul-35,1935,7,27.8,,12.9,,20.4,,34.4,,8.9,S,70.6,,0,,70.6,,,,,,,
Aug-35,1935,8,22.6,,8.7,,15.7,,33.9,,0.6,,55.1,,0,,55.1,,,,,,,
Sep-35,1935,9,18.9,,4.7,,11.8,,29.4,,-2.8,,21.1,,0,,21.1,,,,,,,
Oct-35,1935,10,9.3,,-2.7,,3.3,,23.3,,-20,,7.6,,57.4,,65,,,,,,,
Nov-35,1935,11,-7.4,,-17.6,,-12.5,,4.4,S,-27.2,S,0,T,26.2,,26.2,,,,,,,
Dec-35,1935,12,-8.2,,-18.4,,-13.3,,2.8,,-32.8,,1.3,,12.4,,13.7,,,,,,,
Jan-36,1936,1,-19.4,,-28.8,,-24.1,,-4.4,,-39.4,S,0,,34.3,,34.3,,,,,,,
Feb-36,1936,2,-23.6,,-34.4,,-29,,-7.2,,-45,,0,,15.5,,15.5,,,,,,,
Mar-36,1936,3,-1.9,,-11.4,,-6.7,,6.1,,-21.7,,0,,3,,3,,,,,,,
Apr-36,1936,4,6.8,,-5.7,,0.6,,20.6,,-22.2,,18.8,,1,,19.8,,,,,,,
May-36,1936,5,21.8,,6.4,,14.1,,37.2,,-1.7,,34.8,,0,,34.8,,,,,,,
Jun-36,1936,6,21.8,,8.7,,15.3,,33.3,,2.8,S,71.1,,0,,71.1,,,,,,,
Jul-36,1936,7,29.8,,14.2,,22,,36.7,,6.7,S,8.9,,0,,8.9,,,,,,,
Aug-36,1936,8,26.2,,9.2,,17.7,,32.8,S,1.7,,22.1,,0,,22.1,,,,,,,
Sep-36,1936,9,17.7,,3.9,,10.8,,30,,-5.6,,8.9,,0,,8.9,,,,,,,
Oct-36,1936,10,8.9,,-2.6,,3.2,,24.4,,-16.7,,16,,6.9,,22.9,,,,,,,
Nov-36,1936,11,2.8,,-7.6,,-2.4,,20,,-22.2,,0,,1.3,,1.3,,,,,,,
Dec-36,1936,12,-10.6,,-20.7,,-15.7,,5.6,,-41.1,,0,,54.6,,54.6,,,,,,,
Jan-37,1937,1,-21.8,,-33.9,,-27.9,,2.2,,-42.8,,0,,54.1,,54.1,,,,,,,
Feb-37,1937,2,-12.6,,-24.2,,-18.4,,2.8,,-37.8,,0,,14.7,,14.7,,,,,,,
Mar-37,1937,3,-1.9,,-12.8,,-7.4,,7.8,,-20.6,,0,,2.8,,2.8,,,,,,,
Apr-37,1937,4,11.4,,-1.2,,5.1,,20.6,,-13.3,,6.1,,4.1,,10.2,,,,,,,
May-37,1937,5,20.2,,3.7,,12,,27.8,,-7.8,,35.1,,0,,35.1,,,,,,,
Jun-37,1937,6,26.4,,9.2,,17.8,,38.9,,1.1,,14,,0,,14,,,,,,,
Jul-37,1937,7,29.1,,13.7,,21.4,,39.4,,6.7,,32.3,,0,,32.3,,,,,,,
Aug-37,1937,8,25.6,,9.2,,17.4,,36.1,,1.1,,35.1,,0,,35.1,,,,,,,
Sep-37,1937,9,19.4,,5,,12.2,,31.1,,-2.2,,30.5,,0,,30.5,,,,,,,
Oct-37,1937,10,10.8,,-1.1,,4.9,,23.9,,-11.1,,24.1,,0,T,24.1,,,,,,,
Nov-37,1937,11,-2.9,,-11.9,,-7.4,,9.4,,-35,,0,,25.4,,25.4,,,,,,,
Dec-37,1937,12,-10.3,,-22.3,,-16.3,,5,,-37.2,,0,,12.2,,12.2,,,,,,,
Jan-38,1938,1,-9.9,,-21.6,,-15.8,,1.7,,-40.6,,0.3,,41.9,,42.2,,,,,,,
Feb-38,1938,2,-13.3,,-24.3,,-18.8,,7.2,,-41.7,,0,,39.4,,39.4,,,,,,,
Mar-38,1938,3,1.4,,-7.6,,-3.1,,17.2,,-23.9,,8.4,,35.6,,43.9,,,,,,,
Apr-38,1938,4,9.7,,-2.9,,3.4,,24.4,,-15.6,,2.8,,15.7,,18.5,,,,,,,
May-38,1938,5,16.9,,3.8,,10.4,,32.2,,-2.2,S,39.9,,0,T,39.9,,,,,,,
Jun-38,1938,6,22.8,,9.7,,16.3,,31.1,,0.6,,37.1,,0,,37.1,,,,,,,
Jul-38,1938,7,26.9,,11.6,,19.3,,33.3,S,6.7,,46.7,,0,,46.7,,,,,,,
Aug-38,1938,8,24,,8.4,,16.2,,34.4,,2.2,,36.1,,0,,36.1,,,,,,,
Sep-38,1938,9,24.7,,7.9,,16.3,,31.1,,1.1,,60.7,,0,,60.7,,,,,,,
Oct-38,1938,10,13.7,,1.4,,7.6,,23.9,,-5,,37.1,,0,,37.1,,,,,,,
Nov-38,1938,11,-3.4,,-11.9,,-7.7,,3.3,,-20.6,,1.5,,43.4,,45,,,,,,,
Dec-38,1938,12,-7.8,,-16.7,,-12.3,,2.8,,-39.4,,0,,28.7,,28.7,,,,,,,
Jan-39,1939,1,-8.4,,-17.6,,-13,,2.2,,-27.8,,0.3,,15.7,,16,,,,,,,
Feb-39,1939,2,-17.1,,-28.9,,-23,,5,,-41.1,,0,,38.9,,38.9,,,,,,,
Mar-39,1939,3,-4.1,,-14.7,,-9.4,,9.4,S,-33.9,,0.3,,21.8,,22.1,,,,,,,
Apr-39,1939,4,10.6,,-1.7,,4.5,,32.8,,-12.8,,2.5,,4.1,,6.6,,,,,,,
May-39,1939,5,19.4,,6,,12.7,,27.8,S,-2.8,,21.1,,0,,21.1,,,,,,,
Jun-39,1939,6,18.1,,6.8,,12.5,,25,,1.7,S,170.2,,0,,170.2,,,,,,,
Jul-39,1939,7,27.3,,12.2,,19.8,,35,,6.1,S,51.1,,0,,51.1,,,,,,,
Aug-39,1939,8,26.4,,9.7,,18.1,,35.6,,1.1,,7.1,,0,,7.1,,,,,,,
Sep-39,1939,9,18.2,,4.4,,11.3,,28.3,,-7.8,,15,,4.1,,19.1,,,,,,,
Oct-39,1939,10,8.6,,-3.6,,2.5,,20,,-19.4,,1.3,,18.8,,20.1,,,,,,,
Nov-39,1939,11,5.2,,-6.1,,-0.5,,15,,-22.8,,8.1,,5.6,,13.7,,,,,,,
Dec-39,1939,12,-2.9,,-10.5,,-6.7,,14.4,,-24.4,S,0.3,,38.1,,38.4,,,,,,,
Jan-40,1940,1,-13.9,,-24.2,,-19.1,,3.9,,-38.3,,0,,13.5,,13.5,,,,,,,
Feb-40,1940,2,-9,,-17.1,,-13.1,,3.9,,-37.2,S,0,,19.8,,19.8,,,,,,,
Mar-40,1940,3,-3,,-12.4,,-7.7,,3.3,S,-22.8,,0.5,,18.8,,19.3,,,,,,,
Apr-40,1940,4,7.8,,-3.2,,2.3,,18.9,S,-16.1,,0.5,,5.1,,5.6,,,,,,,
May-40,1940,5,22.3,,5.3,,13.8,,29.4,,-3.9,,31.5,,0,,31.5,,,,,,,
Jun-40,1940,6,20.9,,8.5,,14.7,,25.6,,3.9,S,63.2,,0,,63.2,,,,,,,
Jul-40,1940,7,24.4,,11.1,,17.8,,31.7,,3.3,,59.4,,0,,59.4,,,,,,,
Aug-40,1940,8,27.1,,9.5,,18.3,,36.1,S,2.2,S,21.6,,0,,21.6,,,,,,,
Sep-40,1940,9,22.8,,6.4,,14.6,,32.2,,-2.8,,14.2,,0,,14.2,,,,,,,
Oct-40,1940,10,14.4,,0.4,,7.4,,23.3,,-11.1,,31.2,,0,T,31.2,,,,,,,
Nov-40,1940,11,-7.2,,-14.3,,-10.8,,5.6,,-31.7,,0,T,57.4,,57.4,,,,,,,
Dec-40,1940,12,-7.2,,-17.4,,-12.3,,5,,-40.6,,0,,15.7,,15.7,,,,,,,
Jan-41,1941,1,,M,,M,,M,,M,,M,,M,,M,,M,,,,,,
Feb-41,1941,2,,M,,M,,M,,M,,M,,M,,M,,M,,,,,,
Mar-41,1941,3,,M,,M,,M,,M,,M,,M,,M,,M,,,,,,
Apr-41,1941,4,11.8,,-0.7,,5.6,,26.1,,-11.7,,3.6,,7.6,,11.2,,,,,,,
May-41,1941,5,17.6,,3.7,,10.7,,31.7,,-4.4,S,19.6,,1,,20.6,,,,,,,
Jun-41,1941,6,25,,9.8,,17.4,,40,,,M,36.6,,0,,36.6,,,,,,,
Jul-41,1941,7,28.9,,13.3,,21.1,,40,,7.8,,27.9,,0,,27.9,,,,,,,
Aug-41,1941,8,24.7,,10.6,,17.7,,34.4,,1.7,,25.4,,0,,25.4,,,,,,,
Sep-41,1941,9,15.2,,3.2,,9.2,,23.9,,-9.4,,15.5,,2,,17.5,,,,,,,
Oct-41,1941,10,12.1,,-1.5,,5.3,,19.4,,-16.1,S,11.4,,2.5,,14,,,,,,,
Nov-41,1941,11,1.6,,-7.8,,-3.1,,11.1,,-28.3,,9.7,,6.6,,16.3,,,,,,,
Dec-41,1941,12,-5.6,,-16.7,,-11.2,,11.7,S,-33.9,S,0,T,5.1,,5.1,,,,,,,
Jan-42,1942,1,-4,,-16.3,,-10.2,,6.7,S,-39.4,,1,,2.3,,3.3,,,,,,,
Feb-42,1942,2,-6.2,,-16.8,,-11.5,,0,,-28.3,,0,,8.1,,8.1,,,,,,,
Mar-42,1942,3,3.3,,-7.3,,-2,,15.6,,-16.1,,0,,8.9,,8.9,,,,,,,
Apr-42,1942,4,10.3,,-1.3,,4.5,,30.6,,-15,,48.3,,11.4,,59.7,,,,,,,
May-42,1942,5,17.9,,2.7,,10.3,,28.9,,-6.7,,12.7,,0.5,,13.2,,,,,,,
Jun-42,1942,6,20.8,,8.9,,14.9,,31.1,,-1.1,,186.4,,0,T,186.4,,,,,,,
Jul-42,1942,7,24.2,,11.1,,17.7,,31.7,,5.6,,53.6,,0,,53.6,,,,,,,
Aug-42,1942,8,23.9,,10,,17,,30.6,S,2.2,,35.6,,0,,35.6,,,,,,,
Sep-42,1942,9,17.1,,3.8,,10.5,,30.6,,-6.7,,29.5,,7.1,,36.6,,,,,,,
Oct-42,1942,10,12.9,,-0.3,,6.3,,26.7,,-14.4,,2.3,,2.3,,4.6,,,,,,,
Nov-42,1942,11,-4.1,,-14.4,,-9.3,,12.2,,-29.4,,0.5,,29.5,,30,,,,,,,
Dec-42,1942,12,-11.9,,-22.4,,-17.2,,-1.7,S,-34.4,,0,T,31.2,,31.2,,,,,,,
Jan-43,1943,1,-17.5,,-28.8,,-23.2,,4.4,,-47.8,,0,T,6.9,,6.9,,,,,,,
Feb-43,1943,2,-6.9,,-17.4,,-12.2,,2.8,,-35,S,0,,27.4,,27.4,,,,,,,
Mar-43,1943,3,-7.9,,-19.4,,-13.7,,6.1,,-36.1,,0,T,6.6,,6.6,,,,,,,
Apr-43,1943,4,12.4,,-0.2,,6.1,,26.1,,-9.4,,0.5,,1.3,,1.8,,,,,,,
May-43,1943,5,15.1,,2,,8.6,,28.3,,-5.6,,62.2,,1.5,,63.8,,,,,,,
Jun-43,1943,6,20.3,,7.6,,14,,26.1,S,0.6,,17,,0,T,17,,,,,,,
Jul-43,1943,7,27.3,,11.9,,19.6,,36.7,,4.4,,65.3,,0,,65.3,,,,,,,
Aug-43,1943,8,24.4,,10.9,,17.7,,32.2,,7.2,S,25.7,,0,,25.7,,,,,,,
Sep-43,1943,9,19.1,,4,,11.6,,30,,-3.9,,19.1,,0,,19.1,,,,,,,
Oct-43,1943,10,13.3,,2,,7.7,,32.2,,-3.3,,46.7,,9.7,,56.4,,,,,,,
Nov-43,1943,11,2.2,,-5.2,,-1.5,,8.3,,-11.7,S,0,T,21.8,,21.8,,,,,,,
Dec-43,1943,12,-4.3,,-14.4,,-9.4,,2.8,,-33.3,,0.5,,1.3,,1.8,,,,,,,
Jan-44,1944,1,-6.8,,-17.2,,-12,,3.3,,-30.6,,0,,2.5,,2.5,,,,,,,
Feb-44,1944,2,-10.1,,-21.2,,-15.7,,-2.2,,-38.9,,0,,18,,18,,,,,,,
Mar-44,1944,3,-6.9,,-18.1,,-12.5,,4.4,,-32.8,,0,T,11.2,,11.2,,,,,,,
Apr-44,1944,4,13.2,,-0.3,,6.5,,22.2,,-13.9,,7.6,,0,T,7.6,,,,,,,
May-44,1944,5,19.9,,6.3,,13.1,,29.4,,-2.2,,100.1,,0.3,,100.3,,,,,,,
Jun-44,1944,6,21.3,,8.8,,15.1,,33.3,,0.6,,43.4,,0,,43.4,,,,,,,
Jul-44,1944,7,24.7,,10.5,,17.6,,33.3,,5.6,S,83.3,,0,,83.3,,,,,,,
Aug-44,1944,8,24.6,,9.8,,17.2,,32.2,,2.2,S,27.2,,0,,27.2,,,,,,,
Sep-44,1944,9,19.7,,6.3,,13,,30.6,,-2.2,,21.6,,0,,21.6,,,,,,,
Oct-44,1944,10,16.4,,-0.3,,8.1,,23.9,,-7.2,,9.9,,0,,9.9,,,,,,,
Nov-44,1944,11,-2.2,,-9.9,,-6.1,,7.8,,-29.4,,0,T,5.1,,5.1,,,,,,,
Dec-44,1944,12,-6.6,,-16.6,,-11.6,,3.3,,-31.1,,0,T,7.6,,7.6,,,,,,,
Jan-45,1945,1,-10.3,,-20.3,,-15.3,,1.7,,-36.1,,0,T,16.5,,16.5,,,,,,,
Feb-45,1945,2,-8.3,,-20,,-14.2,,2.2,,-34.4,,0,,6.6,,6.6,,,,,,,
Mar-45,1945,3,3.7,,-7.7,,-2,,16.7,,-33.3,,0,T,3,,3,,,,,,,
Apr-45,1945,4,4.4,,-6,,-0.8,,17.8,,-17.2,,2.5,,22.4,,24.9,,,,,,,
May-45,1945,5,14.6,,0.7,,7.7,,30,,-7.8,,29.5,,0,T,29.5,,,,,,,
Jun-45,1945,6,20.2,,7.7,,14,,32.2,,2.2,S,44.7,,0,,44.7,,,,,,,
Jul-45,1945,7,26.8,,10.4,,18.6,,35.6,S,3.3,,24.9,,0,,24.9,,,,,,,
Aug-45,1945,8,24.8,,10.4,,17.6,,34.4,,5.6,,123.2,,0,,123.2,,,,,,,
Sep-45,1945,9,15.3,,3.2,,9.3,,27.8,,-8.9,,50.8,,2,,52.8,,,,,,,
Oct-45,1945,10,11.8,,-2.3,,4.8,,27.2,,-13.3,,1.5,,1,,2.5,,,,,,,
Nov-45,1945,11,-6.2,,-15.3,,-10.8,,7.2,,-30.6,,0,T,14.2,,14.2,,,,,,,
Dec-45,1945,12,-11.7,,-20.1,,-15.9,,3.9,,-37.2,,0,T,10.4,,10.4,,,,,,,
Jan-46,1946,1,-10.1,,-20.9,,-15.5,,0,,-37.2,,0,,21.3,,21.3,,,,,,,
Feb-46,1946,2,-10.7,,-22.7,,-16.7,,0.6,,-40.6,,0,,24.1,,24.1,,,,,,,
Mar-46,1946,3,3.2,,-7.3,,-2.1,,18.9,,-27.8,,0.5,,3.6,,4.1,,,,,,,
Apr-46,1946,4,14.7,,-0.3,,7.2,,25.6,,-7.2,,11.4,,0,T,11.4,,,,,,,
May-46,1946,5,16.6,,2.7,,9.7,,31.7,,-6.7,,20.8,,1.3,,22.1,,,,,,,
Jun-46,1946,6,21.5,,7.6,,14.6,,30.6,,1.7,,40.4,,0,,40.4,,,,,,,
Jul-46,1946,7,27.6,,11.8,,19.7,,40,,2.8,,48.5,,0,,48.5,,,,,,,
Aug-46,1946,8,24.7,,10.1,,17.4,,33.9,,2.8,,59.2,,0,,59.2,,,,,,,
Sep-46,1946,9,18.1,,4.6,,11.4,,30.6,,-2.2,,70.6,,0,,70.6,,,,,,,
Oct-46,1946,10,7.4,,-2.9,,2.3,,15.6,,-12.2,,20.8,,11.4,,32.3,,,,,,,
Nov-46,1946,11,-3.8,,-14.7,,-9.3,,15,,-28.9,S,0.5,,49.8,,50.3,,,,,,,
Dec-46,1946,12,-12.2,,-23.9,,-18.1,,1.7,,-38.3,,0,T,8.4,,8.4,,,,,,,
Jan-47,1947,1,-9.4,,-20.6,,-15,,3.9,S,-37.8,,0.8,,30.7,,31.5,,0,,,,,
Feb-47,1947,2,-15,,-27.4,,-21.2,,-0.6,,-44.4,,0,,22.6,,22.6,,0,,,,,
Mar-47,1947,3,-4.6,,-16,,-10.3,,5,,-31.7,,0,T,7.4,,7.4,,,M,,,,
Apr-47,1947,4,8.2,,-2.2,,3,,23.9,,-8.9,S,4.8,,26.7,,31.5,,0,,,,,
May-47,1947,5,15.7,,1.1,,8.4,,28.3,,-8.3,,18.5,,0,T,18.5,,0,,,,,
Jun-47,1947,6,21.9,,8.2,,15.1,,28.3,,-1.1,,42.2,,0,,42.2,,0,,,,,
Jul-47,1947,7,30.7,,12.9,,21.8,,38.3,,6.7,S,28.4,,0,,28.4,,0,,,,,
Aug-47,1947,8,24.3,,10.3,,17.3,,35.6,,2.8,,66.5,,0,,66.5,,0,,,,,
Sep-47,1947,9,16.7,,3.6,,10.2,,30,,-5.6,,68.6,,0,T,68.6,,0,,,,,
Oct-47,1947,10,14.1,,1.4,,7.8,,24.4,,-7.2,,17.3,,0,T,17.3,,0,,,,,
Nov-47,1947,11,-3.5,,-12.1,,-7.8,,17.8,,-22.2,,0,T,36.1,,36.1,,0,,,,,
Dec-47,1947,12,-8.9,,-19,,-14,,1.7,,-31.1,,0,T,23.4,,23.4,,0,,,,,
Jan-48,1948,1,-7.5,,-20.1,,-13.8,,1.7,S,-34.4,,0,T,48,,48,,0,,,,,
Feb-48,1948,2,-13.8,,-25.6,,-19.7,,-1.1,,-37.2,,0,,33.8,,33.8,,0,,,,,
Mar-48,1948,3,-7.4,,-19.5,,-13.5,,4.4,,-37.2,,0,,24.9,,24.9,,0,,,,,
Apr-48,1948,4,1.6,,-8.1,,-3.3,,16.1,,-23.3,S,7.6,,18.5,,26.2,,0,,,,,
May-48,1948,5,19.7,,4.8,,12.3,,29.4,S,-1.1,S,16,,0,,16,,0,,,,,
Jun-48,1948,6,24.5,,9.4,,17,,32.2,,2.2,,37.8,,0,,37.8,,0,,,,,
Jul-48,1948,7,26.1,,11.8,,19,,33.9,,5.6,,27.4,,0,,27.4,,0,,,,,
Aug-48,1948,8,26.2,,10.9,,18.6,,35.6,,4.4,,40.4,,0,,40.4,,0,,,,,
Sep-48,1948,9,22.2,,6.1,,14.2,,31.7,,-7.2,,7.1,,0,,7.1,,0,,,,,
Oct-48,1948,10,14.6,,-2,,6.3,,26.7,,-13.9,,0,T,0,T,0,T,0,,,,,
Nov-48,1948,11,-0.6,,-9.7,,-5.2,,7.2,,-24.4,,4.8,,20.1,,24.9,,0,,,,,
Dec-48,1948,12,-12.4,,-22.5,,-17.5,,0,S,-38.9,,0,T,20.6,,20.6,,0,,,,,
Jan-49,1949,1,-14.4,,-26.1,,-20.3,,2.8,,-40.6,S,0,T,20.8,,20.8,,23,,,,,
Feb-49,1949,2,-15.8,,-27.3,,-21.6,,-2.8,S,-40.6,,0,,26.4,,26.4,,38,,,,,
Mar-49,1949,3,-1.9,,-12.5,,-7.2,,10.6,,-28.3,,0,T,19.1,,19.1,,3,,,,,
Apr-49,1949,4,15.3,,0.3,,7.8,,31.1,,-9.4,,12.4,,0,,12.4,,0,,,,,
May-49,1949,5,19.4,,4.7,,12.1,,30.6,,-7.2,,27.2,,0,T,27.2,,0,,,,,
Jun-49,1949,6,21.7,,8.1,,14.9,,31.7,,0,,56.1,,0,,56.1,,0,,,,,
Jul-49,1949,7,24.3,,11.1,,17.7,,34.4,,5.6,,61,,0,,61,,0,,,,,
Aug-49,1949,8,26.6,,11.9,,19.3,,36.1,S,1.7,,96.8,,0,,96.8,,0,,,,,
Sep-49,1949,9,19.7,,4.1,,11.9,,27.8,S,-5.6,,9.7,,0,,9.7,,0,,,,,
Oct-49,1949,10,8.5,,-3.6,,2.5,,17.2,,-12.8,,11.2,,2,,13.2,,0,,,,,
Nov-49,1949,11,6.1,,-4.6,,0.8,,18.9,S,-12.8,,8.6,,11.4,,20.1,,0,,,,,
Dec-49,1949,12,-14.1,,-23.2,,-18.7,,1.7,,-36.7,,0,,17.3,,17.3,,0,,,,,
Jan-50,1950,1,-27.3,,-37.2,,-32.3,,-13.9,,-46.1,,0,,25.4,,25.4,,23,,,,,
Feb-50,1950,2,-10.7,,-20.7,,-15.7,,-1.1,,-30.6,,0,,9.4,,9.4,,28,,,,,
Mar-50,1950,3,-3.8,,-15,,-9.4,,6.7,,-30,,0,T,1.5,,1.5,,0,,,,,
Apr-50,1950,4,5.2,,-4.8,,0.2,,15,,-16.1,,3.3,,24.9,,28.2,,0,,,,,
May-50,1950,5,15.9,,2.5,,9.2,,28.3,,-5.6,,15,,0,T,15,,0,,,,,
Jun-50,1950,6,22.1,,7.9,,15,,31.1,,-1.7,,90.4,,0,,90.4,,0,,,,,
Jul-50,1950,7,23.5,,11.4,,17.5,,35.6,,5.6,,114.3,,0,,114.3,,0,,,,,
Aug-50,1950,8,22,,8.9,,15.5,,29.4,,-0.6,,38.1,,0,,38.1,,0,,,,,
Sep-50,1950,9,19.9,,4.2,,12.1,,33.9,,-2.8,,8.9,,4.1,,13,,0,,,,,
Oct-50,1950,10,8.9,,-0.6,,4.2,,22.8,,-9.4,,22.9,,8.9,,31.8,,0,,,,,
Nov-50,1950,11,-5.9,,-14.4,,-10.2,,11.7,,-32.8,,5.6,,24.6,,30.2,,0,,,,,
Dec-50,1950,12,-10.6,,-20.2,,-15.4,,1.7,,-32.2,S,0,T,30.2,,30.2,,25,,,,,
Jan-51,1951,1,-16.1,,-26.8,,-21.5,,-0.6,,-40.6,,0,,16.5,,16.5,,33,,,,,
Feb-51,1951,2,-12.3,,-23.3,,-17.8,,1.1,,-37.2,,0,,16.8,,16.8,,30,,,,,
Mar-51,1951,3,-9.8,,-21.2,,-15.5,,4.4,,-36.1,,0,,47.8,,47.8,,15,,,,,
Apr-51,1951,4,7.2,,-3.6,,1.8,,23.9,,-15,,5.3,,11.9,,17.3,,0,,,,,
May-51,1951,5,18.3,,5.6,,12,,32.8,,-1.7,S,28.4,,1.3,,29.7,,0,,,,,
Jun-51,1951,6,18.8,,6.3,,12.6,,31.1,,-0.6,S,25.7,,0,T,25.7,,0,,,,,
Jul-51,1951,7,23.6,,11.2,,17.4,,30,S,4.4,,73.9,,0,,73.9,,0,,,,,
Aug-51,1951,8,21,,9.5,,15.3,,33.3,,5,S,43.7,,0,,43.7,,0,,,,,
Sep-51,1951,9,15.2,,4.1,,9.7,,26.7,S,-5.6,,24.9,,8.4,,33.3,,0,,,,,
Oct-51,1951,10,5.7,,-3.8,,1,,23.9,,-22.8,,2,,19.1,,21.1,,,M,,,,
Nov-51,1951,11,-3.8,,-13.2,,-8.5,,6.7,,-30.6,,0,T,12.2,,12.2,,5,,,,,
Dec-51,1951,12,-15,,-24.2,,-19.6,,6.7,,-38.9,,0,,13.5,,13.5,,10,,,,,
Jan-52,1952,1,-16.4,,-26.4,,-21.4,,1.1,,-38.3,,0,,12.4,,12.4,,20,,,,,
Feb-52,1952,2,-7.1,,-18.2,,-12.7,,2.2,,-26.7,S,0.3,,13.2,,13.5,,20,,,,,
Mar-52,1952,3,-5.2,,-16.2,,-10.7,,6.1,,-33.9,,0,,11.7,,11.7,,3,,,,,
Apr-52,1952,4,16.2,,1.2,,8.7,,33.3,,-10.6,,0.8,,1.3,,2,,0,,,,,
May-52,1952,5,18.6,,4.6,,11.6,,26.1,,-1.1,,38.1,,0,T,38.1,,0,,,,,
Jun-52,1952,6,20.7,,8.7,,14.7,,27.8,,2.2,,52.8,,0,,52.8,,0,,,,,
Jul-52,1952,7,24.3,,10.1,,17.2,,32.2,,5,,41.7,,0,,41.7,,0,,,,,
Aug-52,1952,8,24.3,,8.9,,16.6,,32.8,S,2.8,,8.9,,0,,8.9,,0,,,,,
Sep-52,1952,9,19.1,,5.9,,12.5,,30.6,,-0.6,,17.5,,0,,17.5,,0,,,,,
Oct-52,1952,10,11.9,,-1.8,,5.1,,23.3,,-9.4,S,4.3,,3.6,,7.9,,0,,,,,
Nov-52,1952,11,2.2,,-7.3,,-2.6,,13.3,,-20,,11.2,,4.8,,16,,0,,,,,
Dec-52,1952,12,-5.8,,-15.9,,-10.9,,4.4,,-23.3,,0,T,1.5,,1.5,,3,,,,,
Jan-53,1953,1,-13.3,,-22.3,,-17.8,,0,,-40,,0,T,18.8,,18.8,,20,,,,,
Feb-53,1953,2,-6.5,,-17.8,,-12.2,,2.8,S,-33.3,,1,,14.5,,15.5,,15,,,,,
Mar-53,1953,3,-2.3,,-12.9,,-7.6,,8.9,,-29.4,,0,T,24.4,,24.4,,0,T,,,,
Apr-53,1953,4,6.6,,-4.1,,1.3,,17.2,,-16.1,,11.9,,6.9,,18.8,,0,,,,,
May-53,1953,5,15.6,,3.2,,9.4,,31.1,,-5.6,,35.6,,21.6,,57.2,,0,,,,,
Jun-53,1953,6,21.1,,8.9,,15,,31.7,,2.8,,7.1,,0,,7.1,,0,,,,,
Jul-53,1953,7,25.2,,11.7,,18.5,,36.7,,5,,85.3,,0,,85.3,,0,,,,,
Aug-53,1953,8,25.8,,11.8,,18.8,,32.8,,6.7,S,16.8,,0,,16.8,,0,,,,,
Sep-53,1953,9,18.1,,5.3,,11.7,,23.9,S,-3.9,,32.5,,0,,32.5,,0,,,,,
Oct-53,1953,10,15.8,,0.7,,8.3,,22.8,S,-7.2,,0,T,5.6,,5.6,,0,,,,,
Nov-53,1953,11,4.3,,-5.4,,-0.6,,15,,-15,,1.8,,5.8,,7.6,,3,,,,,
Dec-53,1953,12,-3.5,,-14.3,,-8.9,,5,,-30,,0,T,14.5,,14.5,,13,,,,,
Jan-54,1954,1,-19.6,,-30.1,,-24.9,,4.4,,-43.3,,0,,36.1,,36.1,,46,,,,,
Feb-54,1954,2,-0.6,,-11.2,,-5.9,,7.8,,-30.6,,1.8,,17.5,,19.3,,,M,,,,
Mar-54,1954,3,-4.4,,-14.7,,-9.6,,3.9,,-29.4,,0,,11.9,,11.9,,,M,,,,
Apr-54,1954,4,1.6,,-8,,-3.2,,17.2,,-28.3,,1,,37.1,,38.1,,15,,,,,
May-54,1954,5,14.3,,3.3,,8.8,,31.7,,-7.8,,59.9,,0,T,59.9,,0,,,,,
Jun-54,1954,6,19.4,,8,,13.7,,30.6,,2.2,,91.7,,0,,91.7,,0,,,,,
Jul-54,1954,7,24.7,,11.7,,18.2,,33.9,,5.6,,37.1,,0,,37.1,,0,,,,,
Aug-54,1954,8,20.4,,11.1,,15.8,,30,,6.7,,130.3,,0,,130.3,,0,,,,,
Sep-54,1954,9,15.7,,5.6,,10.7,,24.4,,-7.2,,29,,0,T,29,,0,,,,,
Oct-54,1954,10,12.4,,-1.2,,5.6,,21.7,,-7.8,,15,,2.3,,17.3,,0,,,,,
Nov-54,1954,11,4.8,,-4.3,,0.3,,16.1,,-21.1,,10.7,,6.4,,17,,8,,,,,
Dec-54,1954,12,-1.8,,-10.5,,-6.2,,5,S,-27.8,,1.8,,8.1,,9.9,,,M,,,,
Jan-55,1955,1,-8.8,,-19.7,,-14.3,,-0.6,,-34.4,,0,T,28.2,,28.2,,20,,,,,
Feb-55,1955,2,-10.7,,-21.6,,-16.2,,2.8,,-37.2,,0,T,9.1,,9.1,,13,,,,,
Mar-55,1955,3,-8.8,,-19.3,,-14.1,,8.3,,-32.8,S,0.5,,39.4,,39.9,,10,,,,,
Apr-55,1955,4,9.3,,-0.6,,4.4,,18.9,,-8.9,,55.1,,27.4,,82.6,,0,,,,,
May-55,1955,5,16.2,,4.8,,10.5,,28.9,,-0.6,S,29.5,,17.3,,46.7,,0,,,,,
Jun-55,1955,6,23.4,,9.7,,16.6,,31.7,,4.4,S,24.4,,0,,24.4,,0,,,,,
Jul-55,1955,7,25.4,,13.3,,19.4,,35.6,,6.1,,38.9,,0,,38.9,,0,,,,,
Aug-55,1955,8,26.3,,10.2,,18.3,,37.2,,5.6,S,22.4,,0,,22.4,,0,,,,,
Sep-55,1955,9,16.4,,3.9,,10.2,,33.9,,-2.2,S,52.8,,0,,52.8,,0,,,,,
Oct-55,1955,10,10.9,,-0.4,,5.3,,20,S,-9.4,,4.6,,6.9,,11.4,,0,T,,,,
Nov-55,1955,11,-10.2,,-18.1,,-14.2,,6.1,,-28.9,,1.5,,21.8,,23.4,,3,,,,,
Dec-55,1955,12,-14.2,,-23.6,,-18.9,,3.3,,-37.8,,0.5,,38.4,,38.9,,20,,,,,
Jan-56,1956,1,-15.5,,-23.4,,-19.5,,-8.3,,-32.2,,0,,27.2,,27.2,,36,,,,,
Feb-56,1956,2,-12.5,,-22.1,,-17.3,,-0.6,S,-40,,0,,41.7,,41.7,,51,,,,,
Mar-56,1956,3,-5.3,,-15.8,,-10.6,,4.4,,-31.7,,0,T,45.2,,45.2,,46,,,,,
Apr-56,1956,4,4.6,,-5.7,,-0.6,,17.2,,-19.4,,2,,7.4,,9.4,,0,T,,,,
May-56,1956,5,18.9,,4.8,,11.9,,27.2,,-4.4,,5.3,,0,T,5.3,,0,,,,,
Jun-56,1956,6,23.9,,10.9,,17.4,,35,,4.4,,41.1,,0,,41.1,,0,,,,,
Jul-56,1956,7,23.9,,11.4,,17.7,,32.8,,5.6,,40.4,,0,,40.4,,0,,,,,
Aug-56,1956,8,23.9,,9.7,,16.8,,30,S,1.7,,59.2,,0,,59.2,,0,,,,,
Sep-56,1956,9,16.9,,4.2,,10.6,,28.9,,-2.8,,11.9,,0,T,11.9,,0,,,,,
Oct-56,1956,10,10.3,,-1.4,,4.5,,21.7,,-18.9,,7.1,,13.5,,20.6,,5,,,,,
Nov-56,1956,11,1.2,,-8.9,,-3.9,,7.8,,-18.9,,0,T,11.7,,11.7,,0,T,,,,
Dec-56,1956,12,-9.4,,-18.3,,-13.9,,4.4,S,-36.7,,8.4,,50.8,,59.2,,0,T,,,,
Jan-57,1957,1,-13.8,,-23.8,,-18.8,,-1.1,,-33.9,,0,,6.4,,6.4,,3,,34,,80,
Feb-57,1957,2,-8.6,,-20.2,,-14.4,,3.3,S,-33.3,,0,T,11.2,,11.2,,3,,29,,72,
Mar-57,1957,3,-1.3,,-11.3,,-6.3,,7.2,,-21.7,,0,T,9.1,,9.1,,0,T,34,,71,
Apr-57,1957,4,9.3,,-3.2,,3.1,,28.3,,-15.6,,23.9,,1.5,,25.4,,0,,2,,72,
May-57,1957,5,19.3,,5,,12.2,,27.2,S,-2.2,S,19.6,,0,T,19.6,,0,,34,,72,
Jun-57,1957,6,21.7,,8.2,,15,,27.8,,1.1,,36.3,,0,,36.3,,0,,34,,56,S
Jul-57,1957,7,27.9,,12.2,,20.1,,38.9,,6.7,,29.7,,0,,29.7,,0,,32,,97,
Aug-57,1957,8,22.4,,10.6,,16.5,,32.2,,2.8,,72.1,,0,,72.1,,0,,34,,72,
Sep-57,1957,9,18.5,,5.6,,12.1,,26.7,,-6.1,,23.6,,0,,23.6,,0,,29,,100,
Oct-57,1957,10,9.1,,-3.2,,3,,30.6,,-22.2,,4.3,,24.9,,29.2,,0,,2,,64,S
Nov-57,1957,11,0.5,,-7.6,,-3.6,,7.8,,-25,,4.1,,15.7,,19.8,,5,,2,,51,
Dec-57,1957,12,-5.8,,-16.1,,-11,,4.4,,-31.1,,0.3,,9.7,,9.9,,10,,32,,74,
Jan-58,1958,1,-5.5,,-14.2,,-9.9,,2.8,,-23.3,,0.5,,17.3,,17.8,,15,,29,,56,
Feb-58,1958,2,-10.8,,-20.6,,-15.7,,3.3,,-33.9,,0,T,18,,18,,10,,16,,51,S
Mar-58,1958,3,-1.4,,-10.9,,-6.2,,10.6,S,-23.9,,5.8,,7.6,,13.5,,0,,14,,68,S
Apr-58,1958,4,10.9,,-0.3,,5.3,,21.7,,-13.3,,29.2,,2.8,,32,,0,,23,,89,
May-58,1958,5,20.7,,5.2,,13,,33.3,,-4.4,,12.2,,0,,12.2,,0,,32,,113,
Jun-58,1958,6,22.2,,6.8,,14.5,,33.9,,-2.8,,9.4,,0,,9.4,,0,,36,,66,
Jul-58,1958,7,24.7,,11.3,,18,,32.2,,4.4,,103.9,,0,,103.9,,0,,23,,77,
Aug-58,1958,8,26,,10.8,,18.4,,33.9,,4.4,,4.1,,0,,4.1,,0,,29,,89,
Sep-58,1958,9,18.1,,5.1,,11.6,,28.9,S,-2.2,S,42.9,,4.6,,47.5,,0,,25,,89,
Oct-58,1958,10,12.8,,-0.4,,6.2,,23.9,,-8.3,,0.5,,2.5,,3,,0,,29,,80,
Nov-58,1958,11,-2.1,,-11.3,,-6.7,,15.6,,-27.2,,10.9,,18,,29,,8,,32,,51,
Dec-58,1958,12,-8.7,,-18.3,,-13.5,,5,,-31.1,S,2,,23.1,,25.1,,18,,34,,97,
Jan-59,1959,1,-16.9,,-26.2,,-21.6,,-5.6,,-37.8,,0,T,6.6,,6.6,,18,,34,,97,
Feb-59,1959,2,-9.7,,-22.7,,-16.2,,4.4,,-35,,0,T,14,,14,,10,,36,,76,
Mar-59,1959,3,3.4,,-6.2,,-1.4,,13.3,,-18.9,,0.5,,7.1,,7.6,,0,,29,,93,
Apr-59,1959,4,11.6,,-1.7,,5,,25,,-10,,2.5,,2.5,,5.1,,0,,29,,108,
May-59,1959,5,16.6,,2,,9.3,,30.6,,-4.4,,14.7,,0,T,14.7,,0,,32,,80,
Jun-59,1959,6,22.7,,8.9,,15.8,,31.1,,2.8,,69.1,,0,,69.1,,0,,2,,80,
Jul-59,1959,7,27.6,,11.9,,19.8,,36.7,,7.2,,14,,0,,14,,0,,20,,63,
Aug-59,1959,8,23.3,,9.7,,16.5,,33.3,,2.8,,37.1,,0,,37.1,,0,,27,,89,
Sep-59,1959,9,15.2,,5,,10.1,,23.3,,-2.2,,100.1,,0.3,,100.3,,0,,36,,80,
Oct-59,1959,10,5.6,,-2.7,,1.5,,17.8,,-11.7,,15.5,,28.4,,43.9,,0,,32,,56,
Nov-59,1959,11,-3.1,,-11.3,,-7.2,,8.9,,-25,,0,T,13.5,,13.5,,5,,36,,61,
Dec-59,1959,12,-2.4,,-10.4,,-6.4,,7.2,,-18.9,,0,T,26.4,,26.4,,20,,29,,55,
Jan-60,1960,1,-14,,-23.1,,-18.6,,-0.6,,-35,,0,T,11.2,,11.2,,23,,34,,51,
Feb-60,1960,2,-10.4,,-18.9,,-14.7,,-1.1,,-32.2,,0,,16.8,,16.8,,23,,29,,56,
Mar-60,1960,3,-4.7,,-15.4,,-10.1,,9.4,S,-34.4,,2,,15.5,,17.5,,0,,36,,64,
Apr-60,1960,4,9.5,,-1.1,,4.2,,15.6,S,-6.7,,11.4,,3.6,,15,,0,,29,,80,
May-60,1960,5,17.6,,4.6,,11.1,,31.7,,-6.1,S,58.2,,0,T,58.2,,0,,25,,92,
Jun-60,1960,6,20.4,,8.6,,14.5,,29.4,,1.1,,66,,0,,66,,0,,14,,97,
Jul-60,1960,7,28.4,,13,,20.7,,35,S,8.3,,11.9,,0,,11.9,,0,,36,,98,
Aug-60,1960,8,25.2,,11.3,,18.3,,32.8,,3.3,,20.8,,0,,20.8,,0,,32,,84,
Sep-60,1960,9,20.5,,6.2,,13.4,,33.3,,-2.8,,3.8,,0,,3.8,,0,,27,,92,
Oct-60,1960,10,11.9,,-0.1,,5.9,,25.6,S,-12.2,S,2,,4.1,,6.1,,0,,32,,80,
Nov-60,1960,11,-1.9,,-11.4,,-6.7,,13.3,,-30,,0,T,10.9,,10.9,,8,,29,,79,
Dec-60,1960,12,-6.3,,-16.2,,-11.3,,2.8,,-30.6,,0,T,13.7,,13.7,,10,,29,,72,
Jan-61,1961,1,-8.6,,-18.6,,-13.6,,6.7,,-32.8,,0,T,12.7,,12.7,,8,,16,,48,
Feb-61,1961,2,-5.8,,-16.5,,-11.2,,5,,-33.3,,2.8,,25.9,,28.7,,13,,16,,58,
Mar-61,1961,3,1.3,,-8.5,,-3.6,,14.4,,-25.6,,4.3,,5.6,,9.9,,0,T,32,,61,
Apr-61,1961,4,8.2,,-4.6,,1.8,,17.8,,-15.6,,13.7,,14,,27.7,,0,,32,,101,
May-61,1961,5,18.1,,5.3,,11.7,,28.9,S,-1.7,S,59.4,,1.5,,61,,0,,16,,58,
Jun-61,1961,6,27.4,,12.1,,19.8,,36.7,,3.9,,43.9,,0,,43.9,,0,,14,,84,
Jul-61,1961,7,26.4,,11.9,,19.2,,35,S,6.1,,65.5,,0,,65.5,,0,,34,,69,
Aug-61,1961,8,29.8,,12.3,,21.1,,38.3,,4.4,,1,,0,,1,,0,,2,,68,
Sep-61,1961,9,15.3,,1.6,,8.5,,28.9,,-8.3,,15,,6.1,,21.1,,0,T,2,,80,
Oct-61,1961,10,9.8,,-1.7,,4.1,,27.8,,-14.4,,9.1,,32.3,,41.4,,0,T,14,,82,
Nov-61,1961,11,-0.9,,-10.9,,-5.9,,12.2,,-26.7,,0,T,17.3,,17.3,,10,,29,,95,
Dec-61,1961,12,-14.9,,-25,,-20,,1.7,,-35.6,,0,T,23.6,,23.6,,23,,32,,69,
Jan-62,1962,1,-10.8,,-23.2,,-17,,3.9,,-37.8,,0.5,,16,,16.5,,20,,32,,80,
Feb-62,1962,2,-14.2,,-24.5,,-19.4,,5,,-40,S,0.3,,36.6,,36.8,,25,,2,,84,
Mar-62,1962,3,-5.2,,-16.5,,-10.9,,3.9,S,-37.8,,0,T,19.3,,19.3,,13,,29,,61,
Apr-62,1962,4,10.6,,-1.2,,4.7,,25,,-15.6,,5.1,,0.3,,5.3,,0,,29,,58,
May-62,1962,5,17.7,,4.1,,10.9,,26.1,S,-3.9,,20.3,,0,T,20.3,,0,,27,,92,
Jun-62,1962,6,24.8,,10.8,,17.8,,35,,4.4,,26.7,,0,,26.7,,0,,27,,72,
Jul-62,1962,7,24.5,,10.9,,17.7,,33.9,,4.4,,106.7,,0,,106.7,,0,,34,,95,S
Aug-62,1962,8,24.3,,10.6,,17.5,,32.8,,3.3,,45,,0,,45,,0,,34,,68,
Sep-62,1962,9,18.5,,4.8,,11.7,,28.9,,-1.1,,23.9,,0,T,23.9,,0,,32,,56,
Oct-62,1962,10,14.2,,0.7,,7.5,,26.1,,-7.2,,7.1,,0,,7.1,,0,,29,,64,
Nov-62,1962,11,3.8,,-6.2,,-1.2,,15.6,,-17.2,S,3.8,,9.1,,13,,0,T,29,,74,
Dec-62,1962,12,-5.8,,-16.6,,-11.2,,6.1,,-31.1,S,0,T,22.4,,22.4,,13,,2,,85,
Jan-63,1963,1,-15.2,,-25.5,,-20.4,,5,S,-35,S,0,T,13.7,,13.7,,8,,36,,69,
Feb-63,1963,2,-8.5,,-19.7,,-14.1,,6.7,,-35.6,,0,T,29,,26.7,,20,,2,,61,
Mar-63,1963,3,0.8,,-10.5,,-4.9,,17.2,,-24.4,,0,T,15.7,,15.7,,0,T,27,,55,
Apr-63,1963,4,11.2,,-1.1,,5.1,,25.6,,-11.1,,30.7,,0.3,,31,,0,,5,,76,
May-63,1963,5,17.1,,2.5,,9.8,,29.4,S,-7.2,,38.4,,3.3,,41.7,,0,,27,,79,
Jun-63,1963,6,21.9,,9.6,,15.8,,30.6,,5,,93.2,,0,,93.2,,0,,18,,64,
Jul-63,1963,7,26.6,,13.1,,19.9,,34.4,,6.7,,73.9,,0,,73.9,,0,,32,,51,
Aug-63,1963,8,25.8,,11.3,,18.6,,31.7,,6.7,,43.7,,0,,43.7,,0,,32,,51,
Sep-63,1963,9,21.7,,6.8,,14.3,,29.4,,0.6,S,32.8,,0,,32.8,,0,,29,,58,
Oct-63,1963,10,17,,1.3,,9.2,,26.1,,-10,,5.6,,0,,5.6,,0,,18,,55,
Nov-63,1963,11,-0.1,,-12.2,,-6.2,,12.8,,-31.7,,0,T,29.7,,31.5,,15,,16,,56,
Dec-63,1963,12,-9.7,,-19.7,,-14.7,,5.6,,-36.1,,0,T,11.7,,9.9,,13,,34,,66,
Jan-64,1964,1,-8.7,,-19.7,,-14.2,,2.8,,-31.1,,0,T,18.3,,15.5,,20,,29,,60,
Feb-64,1964,2,-2.6,,-13.9,,-8.3,,3.9,,-22.8,S,0,T,14.7,,12.7,,20,,5,,68,
Mar-64,1964,3,-6.2,,-19.6,,-12.9,,10.6,,-30.6,,0,T,8.9,,6.9,,8,,32,,68,
Apr-64,1964,4,11.6,,-2.1,,4.8,,21.1,,-8.3,,7.9,,0,T,7.9,,0,,2,,61,
May-64,1964,5,19.6,,4.7,,12.2,,30.6,,-2.2,,43.4,,0,,43.4,,0,,14,,68,
Jun-64,1964,6,23.5,,7.5,,15.5,,31.7,,-1.1,,16.8,,0,,16.8,,0,,29,,74,
Jul-64,1964,7,27.5,,13,,20.3,,36.7,,6.1,,24.6,,0,,24.6,,0,,27,,64,S
Aug-64,1964,8,23.4,,9.9,,16.7,,33.9,,2.2,,58.7,,0,,58.7,,0,,32,,56,S
Sep-64,1964,9,14.6,,3.2,,8.9,,25,,-1.1,S,46.2,,3,,49.3,,0,,34,,61,
Oct-64,1964,10,12.9,,-1.9,,5.5,,28.3,,-7.2,S,3,,8.6,,10.7,,0,,32,,61,
Nov-64,1964,11,-1.1,,-10.2,,-5.7,,13.9,,-25.6,,0,T,12.2,,4.1,,0,T,32,,51,S
Dec-64,1964,12,-15.8,,-25.6,,-20.7,,0.6,,-37.2,,0,,26.7,,16.3,,20,,29,,39,
Jan-65,1965,1,-15.4,,-26.3,,-20.9,,1.1,,-38.9,,0,T,17,,9.1,,23,,2,,40,
Feb-65,1965,2,-12.8,,-24.9,,-18.9,,1.1,,-35,,0.3,,29.2,,16.3,,38,,36,,47,
Mar-65,1965,3,-8.1,,-20.9,,-14.5,,1.1,S,-33.3,,0,,6.4,,3,,20,,14,,61,
Apr-65,1965,4,8.1,,-2,,3.1,,25.6,,-12.2,,3.8,,8.6,,8.9,,0,,14,,72,
May-65,1965,5,17,,2.9,,10,,26.1,,-3.3,,35.1,,0,T,35.1,,0,,23,,132,
Jun-65,1965,6,22.1,,8.9,,15.5,,32.2,,1.7,,101.9,,0,,101.9,,0,,34,,72,S
Jul-65,1965,7,26,,11.3,,18.7,,32.2,S,5.6,,31,,0,,31,,0,,34,,77,
Aug-65,1965,8,25.1,,10.7,,17.9,,31.7,S,3.3,,28.7,,0,,28.7,,0,,29,,100,
Sep-65,1965,9,11.7,,1.1,,6.4,,26.1,,-6.7,,30,,0.5,,30.5,,0,,34,,69,
Oct-65,1965,10,14.9,,-1.2,,6.9,,21.7,,-6.7,S,0.5,,0,,0.5,,0,,34,,101,
Nov-65,1965,11,-4.6,,-14.5,,-9.6,,17.8,,-27.8,,0,,22.1,,15.5,,20,,29,,77,
Dec-65,1965,12,-6.8,,-17.4,,-12.1,,4.4,S,-35,,0,T,21.8,,14.2,,20,,29,,72,
Jan-66,1966,1,-21.1,,-31.9,,-26.5,,-3.3,,-43.3,,0,T,24.4,,17.3,,38,,14,,72,S
Feb-66,1966,2,-11,,-24.1,,-17.6,,0,,-37.8,,0,,15.2,,11.2,,30,,36,,66,
Mar-66,1966,3,-1.1,,-11.4,,-6.3,,11.1,,-29.4,S,0.8,,13.7,,14,,0,T,29,,69,
Apr-66,1966,4,6.1,,-4.4,,0.9,,16.7,,-12.2,S,7.1,,8.6,,16.8,,0,T,11,,68,
May-66,1966,5,19.4,,3.6,,11.5,,28.9,,-3.9,S,16.8,,0.3,,17,,0,,32,,74,S
Jun-66,1966,6,19.8,,8.6,,14.2,,30,,0.6,,136.7,,0,,136.7,,0,,34,,68,
Jul-66,1966,7,24.7,,11.7,,18.2,,31.7,,4.4,,47.8,,0,,47.8,,0,,32,,64,
Aug-66,1966,8,23.6,,9.2,,16.4,,32.8,,2.8,,48,,0,,48,,0,,23,,80,
Sep-66,1966,9,21.9,,5.9,,13.9,,33.3,,-1.1,,13.5,,0,,13.5,,0,,34,,72,
Oct-66,1966,10,10.8,,-2.7,,4.1,,23.9,,-12.2,,10.7,,0,T,10.7,,0,,32,,89,
Nov-66,1966,11,-5.8,,-17,,-11.4,,8.3,,-31.1,,0,T,26.2,,23.9,,15,,32,,61,
Dec-66,1966,12,-9.2,,-17.7,,-13.5,,0,,-34.4,,0,T,15,,12.2,,18,,18,,66,
Jan-67,1967,1,-13.6,,-24.1,,-18.9,,2.8,,-41.1,,1,,29.7,,20.8,,33,,32,,80,S
Feb-67,1967,2,-10.2,,-23.3,,-16.8,,3.3,,-35.6,,0,T,14.2,,9.4,,41,,32,,72,
Mar-67,1967,3,-5.5,,-17.3,,-11.4,,7.8,,-31.1,,0,T,50,,42.2,,41,,36,,77,
Apr-67,1967,4,3.4,,-6.7,,-1.7,,13.3,,-20.6,,0,T,5.3,,4.3,,0,T,7,,79,
May-67,1967,5,17.6,,1.8,,9.7,,28.9,,-9.4,,18.8,,1,,19.6,,0,,32,,85,
Jun-67,1967,6,21.4,,7.1,,14.3,,31.1,,-1.7,,51.3,,0,,51.3,,0,,32,,84,
Jul-67,1967,7,26.9,,11,,19,,34.4,,1.7,,19.8,,0,,19.8,,0,,32,,105,
Aug-67,1967,8,26.4,,10.4,,18.4,,34.4,,4.4,,57.7,,0,,57.7,,0,,29,,151,
Sep-67,1967,9,23.6,,7.5,,15.6,,34.4,,-3.3,,34,,0,,34,,0,,29,,148,
Oct-67,1967,10,8.6,,-1.6,,3.5,,18.9,,-7.2,,27.2,,4.6,,32.5,,0,,32,,138,
Nov-67,1967,11,0.3,,-8.6,,-4.2,,10,S,-23.9,,8.4,,9.4,,16.5,,3,,36,,82,
Dec-67,1967,12,-8.6,,-18.8,,-13.7,,3.3,,-34.4,,1,,28.2,,22.9,,18,,36,,76,
Jan-68,1968,1,-12.4,,-23.6,,-18,,6.7,,-38.3,,1.3,,21.1,,18,,18,,11,,64,
Feb-68,1968,2,-6,,-18.2,,-12.1,,6.7,,-32.2,,1.5,,3,,2.8,,10,,36,,82,
Mar-68,1968,3,3.9,,-6.4,,-1.3,,14.4,S,-18.3,,11.9,,17.5,,23.4,,3,,32,,66,
Apr-68,1968,4,10.7,,-3.5,,3.6,,25.6,,-13.9,,0.8,,30.2,,27.7,,0,,23,,89,
May-68,1968,5,17.2,,2.8,,10,,23.9,,-3.9,S,57.2,,0,,57.2,,0,,25,,90,
Jun-68,1968,6,22.3,,8.1,,15.2,,32.8,,1.1,,37.8,,0,,37.8,,0,,27,,80,
Jul-68,1968,7,24.3,,10.4,,17.4,,32.2,,6.1,,109.7,,0,,109.7,,0,,9,,97,
Aug-68,1968,8,20.3,,8.2,,14.3,,28.3,,2.2,S,81.5,,0,,81.5,,0,,32,,68,
Sep-68,1968,9,17.1,,5.9,,11.5,,31.1,,-0.6,,46,,0,,46,,0,,14,,66,S
Oct-68,1968,10,9.9,,-1.3,,4.3,,17.8,,-5.6,S,26.9,,0.3,,27.2,,0,,29,,43,
Nov-68,1968,11,2.2,,-7.2,,-2.5,,12.2,,-15,,0,T,4.3,,3.3,,0,,18,,53,
Dec-68,1968,12,-12.1,,-20.9,,-16.5,,2.2,,-41.1,,0,T,18.5,,14.7,,15,,14,,66,
Jan-69,1969,1,-22.5,,-33.1,,-27.8,,-2.8,S,-42.8,S,0,T,47.2,,41.7,,48,,5,,63,
Feb-69,1969,2,-10.7,,-21,,-15.9,,2.8,,-36.1,S,0,T,18.5,,15.7,,43,,34,,85,
Mar-69,1969,3,-4.7,,-16.4,,-10.6,,2.8,S,-27.2,,0,,8.4,,6.9,,25,,5,,64,
Apr-69,1969,4,12.7,,-0.5,,6.1,,24.4,,-11.7,,10.2,,0.3,,10.4,,0,,29,,77,
May-69,1969,5,17.5,,3.1,,10.3,,28.9,S,-3.3,,38.1,,6.6,,44.7,,0,,34,,74,
Jun-69,1969,6,21.2,,5.9,,13.6,,27.2,S,-1.7,,35.6,,0,,35.6,,0,,34,,97,
Jul-69,1969,7,23.8,,10.2,,17,,30,,3.3,,58.9,,0,,58.9,,0,,25,,84,
Aug-69,1969,8,27.1,,10.2,,18.7,,33.9,,3.9,,11.7,,0,,11.7,,0,,32,,64,
Sep-69,1969,9,17.7,,4.8,,11.3,,31.7,,-5,,67.1,,0,,67.1,,0,,20,,61,
Oct-69,1969,10,4.7,,-4.2,,0.3,,13.9,,-12.8,,20.8,,47,,67.6,,0,T,36,,77,
Nov-69,1969,11,1.4,,-9.6,,-4.1,,12.2,S,-24.4,,0,T,9.4,,8.6,,3,,32,,60,
Dec-69,1969,12,-5.5,,-15.3,,-10.4,,5.6,,-23.9,,0,T,24.4,,19.8,,18,,27,,61,
Jan-70,1970,1,-15.6,,-24.6,,-20.1,,1.7,,-40.6,,0,T,13,,8.9,,15,,29,,60,
Feb-70,1970,2,-6.6,,-19.6,,-13.1,,4.4,,-33.9,,0,,11.7,,9.7,,15,,29,,68,
Mar-70,1970,3,-6,,-18.7,,-12.4,,3.9,,-28.3,S,0,,36.3,,31.2,,20,,2,,69,
Apr-70,1970,4,7,,-2.6,,2.2,,15.6,,-11.1,,6.9,,8.4,,15.2,,0,T,34,,71,
May-70,1970,5,16.5,,2.8,,9.7,,27.8,,-2.8,,10.7,,2.5,,13.2,,0,,25,,68,
Jun-70,1970,6,24.7,,10.9,,17.8,,34.4,,5.6,,156.7,,0,,156.7,,0,,11,,72,
Jul-70,1970,7,25.6,,12.4,,19,,29.4,S,7.8,,45.5,,0,,45.5,,0,,32,,92,
Aug-70,1970,8,25.7,,9.6,,17.7,,36.1,,3.9,S,26.9,,0,,26.9,,0,,29,,72,
Sep-70,1970,9,18,,3.7,,10.9,,28.9,,-3.9,,2.8,,0.3,,3,,0,,29,,64,
Oct-70,1970,10,9.9,,-1.8,,4.1,,25,,-13.3,,2,,18.5,,20.6,,0,T,32,,69,
Nov-70,1970,11,-3.8,,-10.7,,-7.3,,5.6,,-30.6,,4.1,,20.3,,22.1,,8,,18,,63,
Dec-70,1970,12,-13.9,,-24.8,,-19.4,,2.2,,-36.1,,0,,24.4,,21.6,,20,,32,,72,
Jan-71,1971,1,-17.9,,-28.2,,-23.1,,3.3,,-40.6,,0,T,30.7,,25.9,,25,,29,,71,
Feb-71,1971,2,-6.9,,-18.3,,-12.6,,3.9,S,-35.6,,0.3,,5.6,,5.6,,8,,32,,61,
Mar-71,1971,3,-4,,-15.6,,-9.8,,1.7,,-24.4,,0,T,21.1,,21.1,,15,,20,,63,
Apr-71,1971,4,9,,-2.8,,3.1,,19.4,,-18.9,,10.4,,10.2,,20.8,,0,,29,,84,
May-71,1971,5,21.2,,4.4,,12.8,,32.2,,-2.8,,5.6,,0,,5.6,,0,,23,,113,
Jun-71,1971,6,21.7,,9.1,,15.4,,28.9,,1.7,,87.9,,0,,87.9,,0,,14,,63,
Jul-71,1971,7,23.2,,9.6,,16.4,,30,,5.6,,142.2,,0,,142.2,,0,,32,,84,
Aug-71,1971,8,27,,11.6,,19.3,,34.4,S,7.2,S,16,,0,,16,,0,,32,,80,
Sep-71,1971,9,17.7,,3.6,,10.7,,31.1,,-3.9,,5.8,,0,T,5.8,,0,,23,,79,
Oct-71,1971,10,10.9,,-2.8,,4.1,,26.1,,-15,,2,,9.4,,11.4,,3,,32,,111,
Nov-71,1971,11,-1.9,,-9.9,,-5.9,,7.8,,-23.9,,0.3,,14,,14.2,,0,T,32,,74,
Dec-71,1971,12,-12.6,,-23.9,,-18.3,,0.6,,-40,,0,,37.3,,33.5,,23,,7,,64,S
Jan-72,1972,1,-16.7,,-28.7,,-22.7,,1.1,,-46.1,,0,,29.7,,25.9,,41,,32,,85,
Feb-72,1972,2,-15.4,,-25.2,,-20.3,,-1.7,,-38.3,,0,,24.6,,18.3,,41,,34,,74,
Mar-72,1972,3,-3,,-11.8,,-7.4,,6.1,S,-37.2,,10.7,,11.9,,21.3,,3,,11,,66,
Apr-72,1972,4,10.3,,-2.1,,4.1,,23.3,,-13.9,S,1.8,,3.6,,5.1,,0,,32,,85,
May-72,1972,5,20.1,,5.1,,12.6,,31.7,,-2.8,,41.4,,0.3,,41.7,,0,,27,,97,
Jun-72,1972,6,24.4,,10.3,,17.4,,33.3,,1.1,,54.6,,0,,54.6,,0,,25,,101,
Jul-72,1972,7,21.1,,9,,15.1,,25.6,S,2.8,S,64,,0,,64,,0,,27,,71,
Aug-72,1972,8,25.8,,11.7,,18.8,,33.9,,3.9,,26.9,,0,,26.9,,0,,23,,89,
Sep-72,1972,9,13.6,,1.2,,7.4,,23.9,,-7.2,,9.7,,1,,10.7,,0,,32,,85,
Oct-72,1972,10,8.2,,-4.6,,1.8,,20,S,-16.1,,2.3,,8.1,,10.4,,3,,32,,69,
Nov-72,1972,11,-1.6,,-8.2,,-4.9,,2.8,S,-21.7,,0.5,,7.4,,7.6,,3,,32,,92,
Dec-72,1972,12,-14.1,,-23.7,,-18.9,,1.7,,-33.9,,2.8,,16.8,,19.1,,13,,14,,58,
Jan-73,1973,1,-8.7,,-18.7,,-13.7,,6.7,,-37.8,,0,T,5.6,,4.8,,10,,32,,84,
Feb-73,1973,2,-8.4,,-19.1,,-13.8,,5,,-35,,0,,22.6,,19.8,,15,,36,,61,
Mar-73,1973,3,4,,-6.7,,-1.4,,15,,-18.3,,0.5,,3.6,,3.6,,0,,18,,56,
Apr-73,1973,4,7.7,,-3,,2.4,,20.6,,-7.8,S,36.1,,18.5,,54.9,,0,,16,,90,
May-73,1973,5,18.9,,4.7,,11.8,,27.8,,-3.9,,26.2,,0,,26.2,,0,,32,,71,
Jun-73,1973,6,21.8,,9.3,,15.6,,33.9,,2.8,,104.6,,0,,104.6,,0,,23,,85,
Jul-73,1973,7,24.9,,10.6,,17.8,,33.3,,6.1,,44.7,,0,,44.7,,0,,29,,89,
Aug-73,1973,8,25.6,,11.3,,18.5,,35,,2.8,,29.2,,0,,29.2,,0,,14,,74,
Sep-73,1973,9,17.4,,4.2,,10.8,,26.7,,-4.4,,33,,5.1,,38.1,,0,,29,,63,
Oct-73,1973,10,12.2,,-0.7,,5.8,,21.1,S,-7.2,S,5.3,,2.3,,7.9,,0,T,34,,76,
Nov-73,1973,11,-8.2,,-16.6,,-12.4,,0,,-24.4,,11.4,,30,,38.4,,18,,11,,64,
Dec-73,1973,12,-11.9,,-20.2,,-16.1,,0.6,,-38.3,S,0,T,34.8,,32.5,,33,,14,,79,
Jan-74,1974,1,-17.7,,-27.4,,-22.6,,-0.6,S,-40,,0,,41.1,,37.1,,51,,18,,80,
Feb-74,1974,2,-8.1,,-18.9,,-13.5,,2.8,,-29.4,S,0,,11.7,,10.4,,38,,34,,80,
Mar-74,1974,3,-7,,-17.9,,-12.5,,3.9,,-35,,0,T,40.1,,35.1,,25,,36,,69,
Apr-74,1974,4,8.8,,-2.7,,3.1,,25.6,,-11.1,,4.1,,4.1,,13.2,,0,,5,,93,
May-74,1974,5,12.9,,2.7,,7.8,,21.7,,-5.6,,102.4,,1.3,,104.4,,0,,2,,76,
Jun-74,1974,6,22.6,,9.5,,16.1,,33.9,,4.4,,61.2,,0,,61.2,,0,,23,,97,
Jul-74,1974,7,25.4,,12.1,,18.8,,34.4,,6.7,,58.7,,0,,58.7,,0,,25,,103,
Aug-74,1974,8,20.6,,8.6,,14.6,,33.3,,-0.6,,64.3,,0,,64.3,,0,,29,,105,
Sep-74,1974,9,15.6,,3.1,,9.4,,27.8,,-4.4,,22.9,,5.8,,27.7,,0,T,29,,63,
Oct-74,1974,10,14.1,,-0.6,,6.8,,23.9,,-8.3,S,7.6,,2,,9.7,,0,,32,,61,
Nov-74,1974,11,2.6,,-8.7,,-3.1,,12.8,,-20.6,,0.3,,1.3,,1.3,,0,,27,,89,
Dec-74,1974,12,-2.4,,-11.1,,-6.8,,7.2,,-21.1,,1,,10.2,,11.7,,3,,29,,64,
Jan-75,1975,1,-9.9,,-20.4,,-15.2,,3.9,,-34.4,,0.8,,29.5,,22.6,,18,,34,,76,
Feb-75,1975,2,-11.9,,-23.1,,-17.5,,1.1,,-38.3,,0,,26.2,,21.1,,18,,29,,55,
Mar-75,1975,3,-6.9,,-17.7,,-12.3,,5.6,,-31.7,,0.3,,10.2,,8.1,,13,,7,,51,
Apr-75,1975,4,4.4,,-4.6,,-0.1,,16.1,,-23.9,,16.5,,15.5,,31.2,,0,,11,,60,
May-75,1975,5,16.4,,3.9,,10.2,,25,,-1.7,S,73.7,,0.8,,74.4,,0,,32,,84,
Jun-75,1975,6,21.3,,8.8,,15.1,,30,,2.8,,77.7,,0,,77.7,,0,,25,,77,
Jul-75,1975,7,27.6,,13.1,,20.4,,35,,7.2,,27.9,,0,,27.9,,0,,34,,63,
Aug-75,1975,8,20.9,,8.2,,14.6,,27.8,,0.6,,38.4,,0,,38.4,,0,,25,,71,
Sep-75,1975,9,18.7,,4.4,,11.6,,30,,-2.8,,21.1,,0,,21.1,,0,,32,,69,
Oct-75,1975,10,9.9,,-1.7,,4.1,,26.7,,-12.8,,7.4,,9.9,,16.5,,0,,32,,72,S
Nov-75,1975,11,1.1,,-9.7,,-4.3,,19.4,,-27.2,,0,T,8.1,,5.8,,5,,25,,77,
Dec-75,1975,12,-8.3,,-19.7,,-14,,2.8,,-35.6,,0.3,,17,,13.2,,10,,32,,58,
Jan-76,1976,1,-9.2,,-19.6,,-14.4,,6.1,,-37.2,,1.8,,12.7,,12.4,,5,,32,,72,
Feb-76,1976,2,-4.4,,-14.4,,-9.4,,5,,-27.8,,0.3,,23.9,,17.5,,13,,2,,66,
Mar-76,1976,3,-3.4,,-14.2,,-8.8,,11.1,,-31.1,S,0.3,,23.6,,17.3,,0,T,5,,58,
Apr-76,1976,4,13.1,,0.8,,7,,25.6,,-6.7,,18,,6.4,,24.1,,0,,7,,60,
May-76,1976,5,21.1,,4.7,,12.9,,30,,-7.2,,23.1,,0,,23.1,,0,,16,,77,
Jun-76,1976,6,20.9,,9.6,,15.3,,30,,3.3,,70.9,,0,,70.9,,0,,27,,66,
Jul-76,1976,7,25.1,,12.3,,18.7,,33.3,,7.2,,77.2,,0,,77.2,,0,,29,,72,
Aug-76,1976,8,26,,11.1,,18.6,,35,,-1.1,,4.6,,0,,4.6,,0,,29,,76,
Sep-76,1976,9,21.5,,5.4,,13.5,,31.1,,-1.7,,20.1,,0,,20.1,,0,,29,,72,
Oct-76,1976,10,9.3,,-3.3,,3,,21.1,,-15,,3.3,,0.3,,3.6,,0,,29,,97,
Nov-76,1976,11,1.4,,-12.6,,-5.6,,13.3,,-27.2,,0,,2.8,,2.5,,3,,29,,100,
Dec-76,1976,12,-6.7,,-19,,-12.9,,4.4,,-32.8,,0,T,21.8,,15.2,,10,,29,,63,
Jan-77,1977,1,-14.2,,-25,,-19.6,,0,,-38,,0,,7.3,,7.3,,11,,34,,57,
Feb-77,1977,2,-0.8,,-11.7,,-6.3,,5.2,,-20.2,,0,T,4.7,,4.7,,3,,33,,63,
Mar-77,1977,3,2.6,,-8.1,,-2.8,,11.7,,-19,,0.5,,8.1,,8.5,,0,T,25,,81,
Apr-77,1977,4,15.9,,-1.3,,7.3,,30.8,,-18.5,,2.7,,4.2,,6.6,,0,,31,,70,
May-77,1977,5,20.3,,7.7,,14,,27.6,,-4.4,,147.4,,0,,147.4,,0,,12,,98,
Jun-77,1977,6,23.9,,9.6,,16.8,,32.8,,3.3,,16.5,,0,,16.5,,0,,32,,96,
Jul-77,1977,7,24.7,,10.8,,17.8,,31.5,,5.7,,33.8,,0,,33.8,,0,,26,,65,
Aug-77,1977,8,20.1,,7.1,,13.6,,28,,0.2,,27.8,,0,,27.8,,0,,36,,74,
Sep-77,1977,9,15.5,,5.6,,10.6,,24.7,,-0.3,,47.1,,0,,47.1,,0,,29,,61,
Oct-77,1977,10,12.3,,-0.4,,6,,23.3,,-8.5,,0.7,,4.3,,5,,0,,28,,65,
Nov-77,1977,11,-1.9,,-12.3,,-7.1,,13,,-29.6,,4,,7.7,,11.7,,3,,28,,78,
Dec-77,1977,12,-15,,-23.5,,-19.3,,-4.4,,-39.3,,0.4,,29.9,,28.1,,15,,8,,56,
Jan-78,1978,1,-17.4,,-27.8,,-22.6,,0.6,,-39.5,,0,,12.3,,10.5,,16,,35,,59,
Feb-78,1978,2,-11,,-21.4,,-16.2,,1.7,,-35.1,,1.2,,4,,4.9,,8,,13,,72,
Mar-78,1978,3,-0.3,,-10.1,,-5.2,,12.9,,-26.7,,2.1,,2.6,,4.7,,1,,14,,57,
Apr-78,1978,4,9.5,,-0.4,,4.6,,22.4,,-8.8,,17.9,,14.1,,32.2,,0,,36,,72,
May-78,1978,5,19.4,,5.6,,12.5,,29.7,,-0.6,,34.3,,0,,34.3,,0,,29,,70,
Jun-78,1978,6,24.4,,9.6,,17,,31.4,,2.9,,39.9,,0,,39.9,,0,,32,S,74,S
Jul-78,1978,7,25,,10.9,,18,,33.2,,4.2,,56,,0,T,56,,0,,35,,78,
Aug-78,1978,8,22.8,,9.1,,16,,35.2,,3.1,,41.4,,0,,41.4,,0,,30,S,56,S
Sep-78,1978,9,17.5,,6.5,,12,,35.3,,-1.3,,52.5,,0,,52.5,,0,,6,,59,
Oct-78,1978,10,12.9,,0.2,,6.6,,25.1,,-6,,19.8,,0,T,19.8,,0,,28,,67,
Nov-78,1978,11,-4.1,,-13.9,,-9,,19.2,,-30.1,,11.1,,27.3,,32,,17,,33,,67,
Dec-78,1978,12,-11.2,,-20.8,,-16,,1.4,,-33.2,,0,,10.4,,8.8,,10,,30,,74,
Jan-79,1979,1,-15.6,,-25,,-20.3,,-4.3,,-34.8,,0,,7.8,,7.3,,11,,31,,54,
Feb-79,1979,2,-19.2,,-27.6,,-23.4,,-8.3,,-39.7,,0,,35,,28.7,,30,,14,,56,
Mar-79,1979,3,-2.6,,-13.2,,-7.9,,4.5,,-28.4,,0,T,15.8,,17.4,,6,,30,,70,
Apr-79,1979,4,2.4,,-6.1,,-1.9,,11.6,,-25.1,,16,,23.8,,42,,0,,31,,61,
May-79,1979,5,15.2,,3.3,,9.3,,28,,-3.6,,21.3,,2.2,,23.5,,0,,30,,65,
Jun-79,1979,6,22.5,,8.7,,15.6,,31.3,,2,,90.8,,0,,90.8,,0,,31,,94,
Jul-79,1979,7,26.8,,12.7,,19.8,,34.3,S,6.9,,36,,0,,36,,0,,25,,81,
Aug-79,1979,8,24.5,,10.4,,17.5,,33.8,,1,,14,,0,,14,,0,,1,,98,
Sep-79,1979,9,21.1,,6.5,,13.8,,33.5,,0.2,,19.7,,0,,19.7,,0,,24,,85,
Oct-79,1979,10,11.3,E,0.1,E,5.7,E,24.4,,-5.3,,19,E,9,E,28,E,0,,32,,72,
Nov-79,1979,11,-0.1,,-9.6,,-4.9,,15.1,,-19,,0,,7.6,,4.6,,3,,31,,44,
Dec-79,1979,12,-6.3,,-16.4,,-11.4,,4.9,,-31,,4.7,,21.3,,25.1,,6,,4,,63,
Jan-80,1980,1,-13.1,,-22.9,,-18,,5.2,,-35.6,,0,T,27.4,,23.4,,13,,1,,63,
Feb-80,1980,2,-8.9,,-18.5,,-13.7,,2.3,,-30.2,,0.4,,22.6,,14.3,,19,,30,,63,
Mar-80,1980,3,-4.2,,-15,,-9.6,,5,S,-30.6,,0,,16,,14.4,,1,,12,,57,
Apr-80,1980,4,15.9,,2.4,,9.2,,29.7,S,-7.2,,0.8,,4.8,,5.5,,0,,32,,59,
May-80,1980,5,22.6,,6.3,,14.5,,35,,-3.7,,20.2,,0,,20.2,,0,,22,,80,
Jun-80,1980,6,23,,9.1,,16.1,,32.1,,2.6,,42.3,,0,,42.3,,0,,26,,57,
Jul-80,1980,7,26,,11.6,,18.8,,35.2,,5.4,,24.2,,0,,24.2,,0,,22,,98,
Aug-80,1980,8,22,,9.3,,15.7,,29.2,,1.7,,63.1,,0,,63.1,,0,,31,,67,
Sep-80,1980,9,17.6,,4.8,,11.2,,30.9,,-3.5,,37.2,,1.6,,38.8,,0,,32,,69,
Oct-80,1980,10,12.2,,-0.1,,6.1,,27.9,,-10,,4.2,,9.8,,16.5,,0,,30,,78,
Nov-80,1980,11,2.7,,-7,,-2.2,,12.6,,-22.4,,3.2,,2.2,,5.4,,0,T,29,,63,
Dec-80,1980,12,-11.4,,-21.3,,-16.4,,6.6,,-35.6,,0.2,,27.4,,21.1,,5,,31,,72,
Jan-81,1981,1,-5.4,,-14.5,,-10,,2.2,,-30.4,,0.8,,19.3,,14.5,,10,,11,,48,
Feb-81,1981,2,-5.3,,-15.2,,-10.3,,6.1,,-34,,0.2,,2.6,,1.6,,0,T,34,,69,
Mar-81,1981,3,4,,-6.1,,-1.1,,15.1,,-22.4,,0,,14.2,,13.3,,0,,8,S,46,S
Apr-81,1981,4,12,,-1.4,,5.3,,22.4,,-11.5,,13.1,,11.6,,27.1,,0,,29,,87,
May-81,1981,5,20.1,,5.3,,12.7,,30.6,,-3.4,,12.8,,0,,12.8,,0,,31,,65,
Jun-81,1981,6,21.8,,8.4,,15.1,,30.5,,3.2,,81,,0,T,81,,0,,29,,74,
Jul-81,1981,7,25.6,,12.6,,19.1,,32.3,,4.8,,55.2,,0,,55.2,,0,,26,,78,
Aug-81,1981,8,28.2,,13.1,,20.7,,33.6,,1.4,,26.6,,0,,26.6,,0,,34,,56,
Sep-81,1981,9,20.3,,5.9,,13.1,,33.9,,-1.8,,19.5,,0,,19.5,,0,,32,,61,
Oct-81,1981,10,8.8,,-2.2,,3.3,,18.6,,-13.9,,8,,25.6,,36.7,,8,,31,,61,
Nov-81,1981,11,4.5,,-3.7,,0.4,,16.2,,-10.3,,1.2,,0.8,,2,,0,,29,S,48,S
Dec-81,1981,12,-8.6,,-18,,-13.3,,6.7,,-36.3,,0,T,16.2,,13.3,,10,,22,,70,
Jan-82,1982,1,-20.4,,-32.5,,-26.5,,5.5,,-39.3,,0,T,11.6,,9.5,,16,,32,,67,
Feb-82,1982,2,-10.8,,-21.3,,-16.1,,4.9,,-36,,0,,5.8,,4,,4,,29,,74,
Mar-82,1982,3,-3.4,,-12.8,,-8.1,,6,,-31,,0.2,,19,,12.7,,0,,33,,70,
Apr-82,1982,4,8.4,,-4.4,,2,,24.2,,-21.3,,5.6,,8.8,,13,,0,,29,,74,
May-82,1982,5,15.2,,4.5,,9.9,,26.9,,-5.5,,56,,19.4,,83,,0,,29,,78,
Jun-82,1982,6,22.3,,8.7,,15.5,,30.2,,1.9,,52.9,,0,,52.9,,0,,26,,80,
Jul-82,1982,7,24.9,,12,,18.5,,32,,6.5,,80.4,,0,,80.4,,0,,27,,69,
Aug-82,1982,8,22.1,,9.7,,15.9,,31,,1.5,,81.2,,0,,81.2,,0,,27,,69,
Sep-82,1982,9,17.3,,5,,11.2,,31.3,,-4.3,,21.4,,15.4,,41.6,,3,,30,,67,
Oct-82,1982,10,11.3,,-0.4,,5.5,,20.8,,-6.1,,5.8,,0.4,,6.2,,0,,31,,65,
Nov-82,1982,11,-5.3,,-14.8,,-10.1,,6.6,,-27.7,,0,T,20,,21.4,,7,,35,,59,
Dec-82,1982,12,-7.4,,-16.2,,-11.8,,3.2,,-31.7,,1,,9.2,,7.6,,9,,30,,59,
Jan-83,1983,1,-7.9,,-17.4,,-12.7,,-0.6,,-36.9,,0,T,8.2,,6.3,,15,,31,,63,
Feb-83,1983,2,-5.7,,-13.4,,-9.6,,5.7,,-25.2,,0,T,9.2,,6,,9,,14,,61,
Mar-83,1983,3,-2.2,,-9.9,,-6.1,,6.3,,-21.4,S,3.5,,23.8,,23,,0,T,15,,67,
Apr-83,1983,4,9,,-2.5,,3.3,,22.6,,-18.2,,9.8,,27.8,,30.5,,0,,34,,63,
May-83,1983,5,15.5,,2.4,,9,,27.8,,-10.6,,26.8,,14.4,,45.4,,0,,2,,83,
Jun-83,1983,6,22.6,,9.7,,16.2,,31.7,,-0.4,,115.2,,0,,115.2,,0,,32,,98,
Jul-83,1983,7,25.2,,13.3,,19.3,,30.5,,8,,64,,0,,64,,0,,11,,76,
Aug-83,1983,8,29,,12.2,,20.6,,37.6,,5.6,,27.5,,0,,27.5,,0,,24,S,69,S
Sep-83,1983,9,16,,4.4,,10.2,,33.9,,-5.4,,65.2,,0,T,65.2,,0,,30,,89,
Oct-83,1983,10,12,,-0.8,,5.6,,20.3,,-8.1,,9,,0,,9,,0,,30,S,56,S
Nov-83,1983,11,0.1,,-5.4,,-2.7,,15.2,,-20.6,,4.6,,28.6,,26.4,,17,,13,,54,
Dec-83,1983,12,-17.9,,-28,,-23,,-7,,-41.1,,0,,7.2,,5.2,,12,,11,,52,
Jan-84,1984,1,-6.5,,-17.8,,-12.2,,5.5,,-33.4,,3.2,,7.6,,9,,5,,31,,70,
Feb-84,1984,2,0.6,,-8.5,,-4,,3.8,S,-21.5,,0,T,1.4,,1.2,,0,T,16,,54,
Mar-84,1984,3,-0.6,,-9.3,,-5,,12.5,,-21.2,,0.4,,12,,11.3,,0,,35,,63,
Apr-84,1984,4,14.4,,0.7,,7.6,,25.3,,-6.4,,11.6,,6.8,,18.2,,0,,1,,67,
May-84,1984,5,17.1,,3.9,,10.5,,31,,-4.2,,28.6,,0.4,,29,,0,,28,,85,
Jun-84,1984,6,22.6,,10.3,,16.5,,35.7,,3.2,,70,,0,,70,,0,,24,,80,
Jul-84,1984,7,27.8,,11.7,,19.8,,38.1,,6.5,,13.4,,0,,13.4,,0,,15,S,69,S
Aug-84,1984,8,28.3,,12.9,,20.6,,37.7,,1.5,,7.9,,0,,7.9,,0,,26,,87,
Sep-84,1984,9,14.3,,2.5,,8.4,,31.2,,-4.9,,49,,8.2,,58.2,,0,,3,,61,
Oct-84,1984,10,7.6,,-1.9,,2.9,,27.6,,-19.9,,3.6,,46.9,,58.6,,11,,30,S,56,S
Nov-84,1984,11,-4.8,,-12.3,,-8.6,,5.4,,-25.3,,0.2,,20.6,,18.8,,10,,12,,56,
Dec-84,1984,12,-14.6,,-24.5,,-19.6,,2.7,,-38.5,,0,,15.6,,14.6,,21,,35,,63,
Jan-85,1985,1,-9.3,,-21.3,,-15.3,,7.3,,-38.2,,1.2,,8.8,,9.8,,23,,30,,65,
Feb-85,1985,2,-11.2,,-21.9,,-16.6,,5.3,,-38.5,,0,,14.8,,13.6,,29,,13,,69,
Mar-85,1985,3,0.9,,-8.7,,-3.9,,6.5,,-19.4,,0.4,,9.2,,9,,0,T,6,,54,
Apr-85,1985,4,10,,0.5,,5.3,,20.2,,-7.6,,49.4,,10.2,,59.8,,0,,22,,78,
May-85,1985,5,19.3,,7,,13.2,,28.5,,2.2,,76.2,,0,,76.2,,0,,30,,81,
Jun-85,1985,6,19.4,,6.8,,13.1,,28.8,,-0.5,,11.4,,0,T,11.4,,0,,31,,96,
Jul-85,1985,7,26.2,,11.7,,19,,37,,6.4,,59,,0,,59,,0,,36,,67,
Aug-85,1985,8,22.7,,8.9,,15.8,,32.1,,3.7,,26.7,,0,,26.7,,0,,32,,85,
Sep-85,1985,9,13.6,,3.7,,8.7,,23.7,,-5.2,,38.8,,3.2,,42,,0,,12,,80,
Oct-85,1985,10,10.5,,-1.5,,4.5,,19.7,,-7.5,,3,,3,,5.8,,0,,28,,74,
Nov-85,1985,11,-10.4,,-19.4,,-14.9,,6.9,,-33.3,,2,,9.1,,8.2,,4,,35,,56,
Dec-85,1985,12,-7.2,,-17.8,,-12.5,,5.8,,-30.3,,0.8,,16,,13.6,,4,,30,,80,
Jan-86,1986,1,-3.7,,-13.4,,-8.6,,6.5,,-25.4,,0,T,30.2,,25.4,,15,,29,,111,
Feb-86,1986,2,-10.3,,-20.6,,-15.5,,5.3,,-36.2,,0,T,11.2,,9.4,,4,,21,,48,
Mar-86,1986,3,4.1,,-5.8,,-0.9,,16.8,,-19.5,,2.8,,16.7,,19,,0,,30,,87,
Apr-86,1986,4,9.7,,-2.7,,3.5,,21.2,,-14.3,,2.4,,3.8,,6.2,,0,,28,,63,
May-86,1986,5,19.6,,6.5,,13.1,,35.1,,-3.2,,51.8,,4.8,,58.6,,0,,13,,65,
Jun-86,1986,6,23.2,,8.8,,16,,32,,4.3,,49.8,,0,,49.8,,0,,20,,117,
Jul-86,1986,7,23.4,,11.5,,17.5,,33.4,,4.6,,119.8,,0,,119.8,,0,,25,S,63,S
Aug-86,1986,8,24.9,,9.8,,17.4,,33.1,,2.1,,14.6,,0,,14.6,,0,,32,S,56,S
Sep-86,1986,9,14.2,,4.5,,9.4,,21.1,,-1.7,,58.8,,0,T,58.8,,0,,6,,78,
Oct-86,1986,10,12.5,,-0.7,,5.9,,22.6,,-10,,3.2,,3,,6.8,,0,T,32,S,59,S
Nov-86,1986,11,-4.5,,-13.4,,-8.9,,9.7,,-25.3,,0.3,,12.6,,13,,4,,30,,65,
Dec-86,1986,12,-3.6,,-13.2,,-8.4,,2.9,,-26.5,,0.2,,7.6,,7.2,,8,,29,,67,
Jan-87,1987,1,-4,,-14.8,,-9.4,,5,,-25.5,,0,T,11.4,,10.4,,12,,30,,67,
Feb-87,1987,2,-3.8,,-12.8,,-8.3,,3.7,,-24.9,,0,T,16.2,,13.4,,14,,14,,59,
Mar-87,1987,3,0.4,,-8.5,,-4.1,,10.7,,-21.6,,0.2,,17.6,,16.6,,0,T,30,,61,
Apr-87,1987,4,15.3,,0.3,,7.8,,26.4,,-8,,12.8,,1,,13.8,,0,,29,,74,
May-87,1987,5,21.2,,6.6,,13.9,,30.2,,-2.7,,32.4,,0,,32.4,,0,,31,,70,
Jun-87,1987,6,25.9,,11.4,,18.7,,38.7,,4.7,,28.9,,0,,28.9,,0,,29,,78,S
Jul-87,1987,7,24.8,,12,,18.4,,34.5,,4.3,,37.2,,0,,37.2,,0,,17,,76,
Aug-87,1987,8,21,,7.9,,14.5,,28.9,,1.7,,41.6,,0,,41.6,,0,,35,,65,
Sep-87,1987,9,21.9,,5.9,,13.9,,34.5,,0.5,,13,,0,,13,,0,,4,,70,
Oct-87,1987,10,11.2,,-2.2,,4.5,,25.7,,-8.3,,7.8,,1.6,,9.2,,0,,30,,72,
Nov-87,1987,11,5,,-6.5,,-0.8,,13.7,,-16.5,,1,,0.2,,1.2,,0,,30,,65,
Dec-87,1987,12,-3.3,,-13,,-8.2,,8.3,,-26.5,,2.2,,13,,11.2,,7,,12,,54,
Jan-88,1988,1,-12,,-23.2,,-17.6,,1.1,,-35.6,,0,T,15.9,,12.6,,13,,31,,72,
Feb-88,1988,2,-7.3,,-19.6,,-13.5,,7.4,,-38,S,0,,10.6,,9.8,,1,,35,,106,
Mar-88,1988,3,1.2,,-8.8,,-3.8,,8.9,S,-20.5,,2.5,,30.8,,34.4,,6,,29,,67,
Apr-88,1988,4,12.7,,-2.6,,5.1,,26.4,,-9.4,,0.2,,1.2,,1.8,,0,,33,,67,
May-88,1988,5,23.1,,7.1,,15.1,,34.6,,-3,,11,,0,,11,,0,,9,,91,
Jun-88,1988,6,28.7,,13.6,,21.2,,40.6,,4.5,,23.4,,0,,23.4,,0,,30,,67,
Jul-88,1988,7,26.7,,11.7,,19.2,,37.1,,8.1,,58.4,,0,,58.4,,0,,32,,69,
Aug-88,1988,8,22.3,,10.6,,16.5,,30.4,,3.2,,89.5,,0,,89.5,,0,,29,,69,
Sep-88,1988,9,18.1,,4.7,,11.4,,34.2,,-1.2,S,26.1,,0.6,,26.7,,0,,30,,78,
Oct-88,1988,10,12.1,,-2.5,,4.8,,24.6,S,-16.3,,6.4,,1.6,,7.6,,0,T,30,,80,
Nov-88,1988,11,-0.7,,-8.3,,-4.5,,11.2,,-20.8,,1,,7.2,,7.4,,0,T,29,,65,
Dec-88,1988,12,-6.9,,-16.6,,-11.8,,6.6,,-34.9,,0.6,,21.8,,16.2,,15,,30,,61,
Jan-89,1989,1,-8.6,,-19.6,,-14.1,,3.6,,-37.4,,4,,11.8,,14.4,,8,,32,,67,
Feb-89,1989,2,-12.3,,-23.5,,-17.9,,0.5,,-39.4,,0,,6.6,,5.8,,7,,36,,57,
Mar-89,1989,3,-5,,-16.3,,-10.7,,8,,-32.7,,0.8,,5.2,,6,,0,T,13,,54,S
Apr-89,1989,4,11.6,,-2.8,,4.4,,27.8,,-11.6,,4.2,,1.2,,5.2,,0,,30,,70,
May-89,1989,5,17.6,,4.8,,11.2,,27.3,S,-9.3,,94,,0,,94,,0,,16,,78,
Jun-89,1989,6,22.8,,9.9,,16.4,,34.3,,4.7,,61.3,,0,,61.3,,0,,19,,70,
Jul-89,1989,7,27.6,,13.4,,20.5,,36.9,,8.9,,27.8,,0,,27.8,,0,,36,,72,
Aug-89,1989,8,24.5,,11.7,,18.1,,35.2,,5.8,,51.6,,0,,51.6,,0,,24,S,61,S
Sep-89,1989,9,17.9,,5.5,,11.7,,26.4,,-2.4,,27.8,,0,T,27.8,,0,,6,,67,
Oct-89,1989,10,11.3,,-1.6,,4.9,,19.4,,-8.5,,3.2,,12,,19.2,,2,,18,,69,
Nov-89,1989,11,-1,,-10.8,,-5.9,,8.9,,-24.7,,7.6,,18.8,,22.9,,2,,29,,69,
Dec-89,1989,12,-10.3,,-21.3,,-15.8,,4.1,,-41.9,,8.2,,24.6,,26.5,,8,,28,,67,
Jan-90,1990,1,-7,,-16.9,,-12,,3.4,,-34.7,,1,,13.4,,13.2,,11,,30,,91,
Feb-90,1990,2,-7.6,,-20.4,,-14,,3.5,S,-36.7,,0,T,6,,4.8,,7,,33,S,63,S
Mar-90,1990,3,2.7,,-6.6,,-2,,14.3,,-19.3,,0.6,,9.4,,7.8,,0,,28,,70,
Apr-90,1990,4,9.9,,-2.6,,3.7,,25.6,,-10.1,,9,,15,,23.8,,11,,11,,63,
May-90,1990,5,17.6,,4,,10.8,,28.3,,-5.7,,27,,0.6,,27.6,,0,,31,S,56,S
Jun-90,1990,6,24.2,,10,,17.1,,32.4,,3,,59.8,,0,,59.8,,0,,12,,74,
Jul-90,1990,7,24,,11.4,,17.7,,30.9,,4.8,,75.9,,0,,75.9,,0,,23,,57,
Aug-90,1990,8,24.7,,11.2,,18,,35,,4.7,,6.3,,0,,6.3,,0,,27,,52,
Sep-90,1990,9,21.5,,5,,13.3,,31.5,,-2.7,,6.6,,0,,6.6,,0,,13,,54,
Oct-90,1990,10,9.9,,-3.8,,3.1,,19.8,,-11.2,,2,,4.2,,5.8,,0,,30,,59,
Nov-90,1990,11,-2.8,,-12.8,,-7.8,,11.9,,-28.1,,0.4,,22.2,,21.2,,4,,30,,56,
Dec-90,1990,12,-13,,-24.1,,-18.6,,6.3,,-39.1,S,0,,15,,12.8,,7,,35,,52,
Jan-91,1991,1,-11.8,,-23.2,,-17.5,,4.4,,-38.5,,0,T,6.8,,5.4,,9,,33,,65,
Feb-91,1991,2,-1.9,,-12.4,,-7.2,,8,,-26.7,,0,,22.8,,14.8,,8,,35,,41,
Mar-91,1991,3,0.3,,-11.4,,-5.6,,16.2,,-29.1,,6.6,,10,,10.6,,0,,28,,41,
Apr-91,1991,4,12.2,,0.4,,6.3,,21.2,,-4.1,,67.6,,1.6,,69.2,,0,,2,,44,
May-91,1991,5,18,,5.3,,11.7,,28.1,,-3.9,S,67.4,,5.2,,72.4,,0,,27,,63,
Jun-91,1991,6,22,,11.4,,16.7,,28.9,,5.2,,136,,0,,136,,0,,24,,59,
Jul-91,1991,7,25.1,,12.2,,18.7,,30.2,,6.1,,49.2,,0,,49.2,,0,,33,,69,
Aug-91,1991,8,28.2,,13.7,,21,,35.5,S,7.5,,14,,0,,14,,0,,31,,67,
Sep-91,1991,9,18.7,,4.8,,11.7,,30.2,,-2.2,,16.8,,0,,16.8,,0,,33,,56,
Oct-91,1991,10,6.2,,-5,,0.6,,24.2,,-24.1,,26.6,,30,,56.8,,15,,30,,54,
Nov-91,1991,11,-3.9,,-12.6,,-8.3,,5.4,S,-27.2,,0.4,,19.6,,18,,15,,31,,63,
Dec-91,1991,12,-7.2,,-15.6,,-11.4,,3.2,,-31.7,,0,T,16,,13.4,,14,,26,,63,
Jan-92,1992,1,-4.8,,-15.9,,-10.4,,2.1,,-31.7,,2.8,,16.2,,17.6,,17,,32,,63,
Feb-92,1992,2,-6,,-13.6,,-9.9,,6.3,,-27,,0,,13.2,,10.4,,7,,9,,56,
Mar-92,1992,3,4.2,,-5.1,,-0.5,,15.2,,-17,S,0.4,,3,,3.6,,0,,30,,76,
Apr-92,1992,4,11.2,,-2,,4.6,,26.2,,-18,,3.3,,10.4,,12.1,,0,,13,S,59,S
May-92,1992,5,17,,3.7,,10.4,,31.5,,-0.5,S,46,,0.4,,46.6,,0,,31,,78,
Jun-92,1992,6,21.7,,8.5,,15.1,,30.1,,0.8,,14.6,,0,T,14.6,,0,,26,S,54,S
Jul-92,1992,7,22.9,,10.7,,16.8,,29.1,,6.2,,66.2,,0,,66.2,,0,,30,,67,
Aug-92,1992,8,22.6,,8.3,,15.5,,32.5,,1,,47.4,,0,,47.4,,0,,30,,70,
Sep-92,1992,9,16.3,,2.8,,9.6,,30.8,,-5,,47.3,,0,T,47.3,,0,,29,,70,
Oct-92,1992,10,10,,-2.5,,3.8,,27.2,,-13.7,,12.9,,11.4,,21.9,,0,T,1,E,61,E
Nov-92,1992,11,0,,-6.8,,-3.4,,5.1,,-16.9,,1.6,,19.8,,18.8,,12,,28,B,59,B
Dec-92,1992,12,-14.2,,-25.1,,-19.7,,0.7,,-42.9,,0,,23.4,,18.2,,22,,31,,78,
Jan-93,1993,1,-12.2,,-24.1,,-18.2,,5.5,,-38,,0,,4,,3.4,,9,,30,,69,
Feb-93,1993,2,-9.1,,-20.1,,-14.6,,2.8,,-32.6,,0,T,4.2,,3,,7,,32,,44,
Mar-93,1993,3,3.3,,-5.9,,-1.3,,18.9,,-20.1,,13,,4.6,,16.4,,0,T,6,I,48,I
Apr-93,1993,4,11.1,,-1.8,,4.7,,19.5,,-7.2,,19,,8.6,,27.5,,0,,36,E,52,E
May-93,1993,5,19.1,,3.5,,11.3,,31.3,,-3.3,,36.8,,0,,36.8,,0,,17,,78,
Jun-93,1993,6,19.8,,7.6,,13.7,,31.1,,1.4,,58.4,,0,,58.4,,0,,,,,
Jul-93,1993,7,21.4,,9,,15.2,,31.7,,3,,75.3,,0,,75.3,,0,,,,,
Aug-93,1993,8,21.9,,9.9,,15.9,,29.1,,2.5,,64.3,,0,,64.3,,0,,,,,
Sep-93,1993,9,16.9,,2.3,,9.6,,25.2,,-5,,41.5,,2,,43.5,,0,,,,,
Oct-93,1993,10,10.8,,-3.1,,3.8,,21.6,,-10.4,,0.5,,0,T,0.5,,0,,,,,
Nov-93,1993,11,-3.2,,-12.7,,-8,,4.4,,-29.4,,4.6,,14.9,,19.5,,0,,,,,
Dec-93,1993,12,-4.5,,-15.5,,-10,,4.7,,-32.4,S,0,T,8.9,,8.9,,24,,,,,
Jan-94,1994,1,-16.7,,-24.9,,-20.8,,-4.1,,-39,,0,,24.9,,24.9,,27,,,,,
Feb-94,1994,2,-15.3,,-26.4,,-20.9,,0.1,S,-43.2,,0,,10.8,,10.8,,21,,,,,
Mar-94,1994,3,1.7,,-7.4,,-2.9,,15.6,,-25.9,,0.3,,2.5,,2.8,,0,,,,,
Apr-94,1994,4,12,,-2.1,,5,,24.6,,-9.6,,7.4,,1,,8.4,,0,,,,,
May-94,1994,5,18.5,,3.6,,11.1,,28.7,,-6.4,,115.7,,0,,115.7,,0,,,,,
Jun-94,1994,6,21.2,,9.5,,15.4,,29.3,,1.2,,54.3,,0,,54.3,,0,,,,,
Jul-94,1994,7,24.1,,11.1,,17.7,,31.1,,7.6,,41.7,,0,,41.7,,0,,,,,
Aug-94,1994,8,23.6,,9.4,,16.5,,30.7,,3.1,,64.1,,0,,64.1,,0,,,,,
Sep-94,1994,9,21.6,,5.4,,13.5,,30.5,,0.2,,0.8,,0,,0.8,,0,,,,,
Oct-94,1994,10,11.8,,-0.7,,5.6,,20.1,,-12.6,,18.8,,0,,18.8,,0,,,,,
Nov-94,1994,11,0.6,,-10.2,,-4.8,,7.5,,-25.1,,0,,12.6,,12.6,,3,,,,,
Dec-94,1994,12,-7.9,,-19.3,,-13.6,,5,,-33.9,,0,,10.6,,10,,11,,,,,
Jan-95,1995,1,-10.5,,-18.7,,-14.6,,5,,-30.8,,0.2,,17.7,,11.8,,12,,,,,
Feb-95,1995,2,-7.2,,-18.6,,-12.9,,5.4,,-29.3,,4.1,,14.2,,12.9,,13,,,,,
Mar-95,1995,3,-1.3,,-10.8,,-6,,13.5,,-32.9,,7.7,,23,,30,,1,,,,,
Apr-95,1995,4,6.6,,-5.1,,0.7,,14.9,,-19.5,,16.8,,17.2,,34,,0,,,,,
May-95,1995,5,18.4,,2.1,,10.3,,33.4,,-6.3,,14.9,,0,,14.9,,0,,,,,
Jun-95,1995,6,24.8,,9.9,,17.4,,32.2,S,-0.1,,32.6,,0,,32.6,,0,,,,,
Jul-95,1995,7,24,,9.8,,16.9,,32.5,,3.5,,81.4,,0,,81.4,,0,,,,,
Aug-95,1995,8,21.8,,9.2,,15.5,,33.2,,5.2,S,84.6,,0,,84.6,,0,,,,,
Sep-95,1995,9,19.9,,3.1,,11.5,,28.9,,-8.6,,0.3,,0.3,,0.6,,0,,,,,
Oct-95,1995,10,10.4,,-1.2,,4.6,,20,,-12.6,,33.3,,2.4,,34.7,,0,,,,,
Nov-95,1995,11,-5.5,,-14.4,,-10,,8.2,,-27.9,,0.2,,24.5,,16,,5,,,,,
Dec-95,1995,12,-12.2,,-21.1,,-16.6,,-0.8,,-35.1,,0,,33.8,,22,,14,,,,,
Jan-96,1996,1,-19.1,,-30.1,,-24.6,,5.6,,-42.1,,0.4,,14.6,,14,,8,,,,,
Feb-96,1996,2,-7.6,,-20,,-13.9,,5,,-42.8,,0,,13.9,,12.4,,11,,,,,
Mar-96,1996,3,-5.5,,-17.3,,-11.4,,7.9,,-34.6,,1,,12.8,,12.8,,2,,,,,
Apr-96,1996,4,8.8,,-2.5,,3.1,,22.5,,-14.3,,7.6,,22.5,,30.1,,0,,,,,
May-96,1996,5,14.2,,2.5,,8.4,,24.4,,-7.1,,55.1,,3.6,,58.7,,0,,,,,
Jun-96,1996,6,22.3,,9.4,,15.9,,33,,1.9,,100.8,,0,,100.8,,0,,,,,
Jul-96,1996,7,23.9,,11.3,,17.6,,32.1,,6.6,,114.1,,0,,114.1,,0,,,,,
Aug-96,1996,8,26.4,,9.7,,18.1,,34.9,,3.1,,18.4,,0,,18.4,,0,,,,,
Sep-96,1996,9,15.9,,4.4,,10.2,,24.4,,-5.8,,39.3,,1,,40.3,,0,,,,,
Oct-96,1996,10,9.2,,-4.3,,2.5,,22.7,,-18.9,,5,,3,,5.5,,3,,,,,
Nov-96,1996,11,-7.5,,-17.6,,-12.6,,9.1,,-34.3,,0,T,30.6,,22.7,,16,,,,,
Dec-96,1996,12,-14.2,,-24.7,,-19.4,,-1.1,,-39.1,,0,,19.5,,16.6,,26,,,,,
Jan-97,1997,1,-14.6,,-27.5,,-21.1,,3.1,,-43.3,,1.4,,16.8,,15.6,,38,,,,,
Feb-97,1997,2,-6,,-16.6,,-11.3,,3.3,,-26.4,,0,T,5.2,,5.1,,41,,,,,
Mar-97,1997,3,-3.9,,-15.6,,-9.7,,11.6,,-31.4,,0.5,,18.8,,19.3,,3,,,,,
Apr-97,1997,4,7.8,,-3.4,,2.2,,22,,-15.2,,20.4,,18.4,,35.8,,0,,,,,
May-97,1997,5,17.4,,2.9,,10.2,,29.7,,-4.2,,24,,1.6,,25.6,,0,,,,,
Jun-97,1997,6,22.8,,10.2,,16.5,,28.3,,5.2,,53.1,,0,,53.1,,0,,,,,
Jul-97,1997,7,26.3,,10.2,,18.3,,33.6,,3.2,,24.6,,0,,24.6,,0,,,,,
Aug-97,1997,8,26.2,,9.5,,17.8,,38.6,,0.5,,49.6,,0,,49.6,,0,,,,,
Sep-97,1997,9,21.2,,5.8,,13.5,,31.5,,-1.8,,55.4,,0,T,55.4,,0,,,,,
Oct-97,1997,10,9.8,,-1.8,,4,,27.2,,-10.1,,21.1,,0,T,21.1,,0,,,,,
Nov-97,1997,11,1.2,,-9.1,,-4,,11.4,S,-17.5,,0.8,,1.8,,2.6,,0,,,,,
Dec-97,1997,12,-0.5,,-10.9,,-5.7,,7.9,,-19.9,,0,T,7.6,,5.1,,0,,,,,
Jan-98,1998,1,-13.7,,-23,,-18.4,,-1.4,,-37.4,,0,T,21,,12.5,,14,,,,,
Feb-98,1998,2,-1.7,,-9.5,,-5.6,,4.8,,-23.2,,1,,3.2,,4.2,,6,,,,,
Mar-98,1998,3,-1.4,,-13.1,,-7.3,,14.6,,-28.9,,0,T,10.8,,9.2,,0,,,,,
Apr-98,1998,4,15.2,,-0.9,,7.2,,29,,-8.6,,7.3,,0,,7.3,,0,,,,,
May-98,1998,5,21.6,,4.3,,13,,29.1,,-8.3,,8.6,,0,,8.6,,0,,,,,
Jun-98,1998,6,21,,8,,14.5,,28,,-0.8,,75.4,,0,T,75.4,,0,,,,,
Jul-98,1998,7,25.8,,11.6,,18.7,,34.2,,4.5,,31.1,,0,,31.1,,0,,,,,
Aug-98,1998,8,28.5,,11.5,,20,,38.4,,4.7,,37.2,,0,,37.2,,0,,,,,
Sep-98,1998,9,20.8,,5.7,,13.2,,30.4,,-4.8,,27.1,,0,,27.1,,0,,,,,
Oct-98,1998,10,10,,-0.4,,4.8,,23.7,,-7.1,,20.5,,29.4,,49.9,,0,,,,,
Nov-98,1998,11,-0.3,,-8.1,,-4.2,,8.7,,-20.8,,2.5,,9.4,,6.5,,0,,,,,
Dec-98,1998,12,-8.4,,-17.8,,-13.1,,6.9,,-32.8,,0.8,,14.8,,11,,5,,,,,
Jan-99,1999,1,-12.4,,-22.2,,-17.3,,4.9,,-38,,0,,43.2,,27.5,,34,,,,,
Feb-99,1999,2,-4.8,,-14.9,,-9.9,,3.5,,-27.9,,1.4,,6.8,,5.9,,25,,,,,
Mar-99,1999,3,0.3,,-9.2,,-4.5,,13.5,,-24.1,,0,T,14.8,,8.5,,0,T,,,,
Apr-99,1999,4,12.7,,0.2,,6.5,,23.2,,-6.4,,9.4,,9.4,,14.7,,0,,,,,
May-99,1999,5,16.5,,4.8,,10.7,,28.9,,-2.1,,105.4,,9.4,,114.8,,0,,,,,
Jun-99,1999,6,20.7,,8.4,,14.6,,27.4,,2.2,,58.9,,0,,58.9,,0,,,,,
Jul-99,1999,7,22.7,,10,,16.4,,29.6,,5.2,,80.4,,0,,80.4,,0,,,,,
Aug-99,1999,8,25.2,,10.4,,17.8,,33,,2.5,,43.4,,0,,43.4,,0,,,,,
Sep-99,1999,9,18.1,,2.5,,10.3,,29.1,,-5.8,,19.7,,0,,19.7,,0,,,,,
Oct-99,1999,10,11.5,,-2.6,,4.5,,20.4,,-10.7,,6.5,,2,,8.5,,0,,,,,
Nov-99,1999,11,4.7,,-7.2,,-1.3,,18.6,,-18.7,,1,,5.8,,5,,1,,,,,
Dec-99,1999,12,-1.2,,-13.7,,-7.5,,8.1,,-32,,1.6,,22.4,,14.1,,0,T,,,,
Jan-00,2000,1,-11.5,,-23.1,,-17.3,,1.6,,-34.9,,0,T,28.8,,19.6,,24,,,,,
Feb-00,2000,2,-5.1,,-17.2,,-11.2,,4.7,,-31.7,,5.4,,7.6,,12.6,,9,,,,,
Mar-00,2000,3,3.5,,-7.3,,-1.9,,12.9,,-22.1,,13,,11,,21.9,,0,,,,,
Apr-00,2000,4,10.9,,-2.1,,4.4,,23.6,,-11.8,,31.2,,10,,41.2,,0,,,,,
May-00,2000,5,18.2,,2.7,,10.5,,28.2,,-7.1,,16.4,,0,T,16.4,,0,,,,,
Jun-00,2000,6,21.3,,7.2,,14.3,,30.1,,2,,49.8,,0,,49.8,,0,,,,,
Jul-00,2000,7,25.3,,12,,18.7,,33.6,,5.3,,82.8,,0,,82.8,,0,,,,,
Aug-00,2000,8,24.2,,9.4,,16.8,,33.8,S,1.8,,42,,0,,42,,0,,,,,
Sep-00,2000,9,19.3,,4,,11.7,,29.5,,-3.9,,26.4,,1.4,,27,,0,,,,,
Oct-00,2000,10,12.4,,-3.5,,4.5,,23.7,,-11.5,,0.4,,0,,0.4,,0,,,,,
Nov-00,2000,11,-1.1,,-11.3,,-6.2,,16.1,,-21.4,,0.6,,13.6,,10.1,,5,,,,,
Dec-00,2000,12,-14.1,,-24.6,,-19.4,,2,,-36.3,,3.5,,23.8,,20.8,,20,,,,,
01-Jan,2001,1,-3.5,,-14.3,,-9,,4,,-27.3,,0.6,,4.4,,2.1,,11,,,,,
01-Feb,2001,2,-11.5,,-23.7,,-17.6,,1.8,,-35,,0,,6,,2.9,,14,,,,,
01-Mar,2001,3,2.7,,-8.9,,-3.1,,12.6,,-20.6,,0.4,,3.6,,2,,0,,,,,
01-Apr,2001,4,12.2,,-3,,4.6,,31.4,,-14.9,,3.1,,2.8,,5.5,,0,,,,,
01-May,2001,5,20.9,,3.9,,12.4,,31.3,,-5,,21.6,,0,,21.6,,0,,,,,
01-Jun,2001,6,22.9,,8.1,,15.5,,31.4,,1,,38.3,,0,,38.3,,0,,,,,
01-Jul,2001,7,27.4,,11.9,,19.7,,37.7,,4.5,,52.2,,0,,52.2,,0,,,,,
01-Aug,2001,8,28.8,,10.7,,19.8,,36.2,,5,,6,,0,,6,,0,,,,,
01-Sep,2001,9,22.3,,5.4,,13.9,,32.7,,-2.3,,7.6,,0,,7.6,,0,,,,,
01-Oct,2001,10,8.9,,-4.3,,2.4,,19.3,,-14,,4.8,,6.4,,6.5,,0,,,,,
01-Nov,2001,11,3.7,,-6.3,,-1.3,,15.3,,-16.5,,1.3,,8,,6.5,,2,,,,,
01-Dec,2001,12,-7.4,,-19.3,,-13.4,,5.1,,-27.8,,0,,11.2,,8.5,,5,,,,,
02-Jan,2002,1,-9.7,,-19.5,,-14.6,,5.8,,-34.6,,0.2,,7.8,,2.3,,5,,,,,
02-Feb,2002,2,-2.8,,-14.4,,-8.6,,7.4,,-28.8,,0,,8.9,,6.7,,0,T,,,,
02-Mar,2002,3,-7,,-20.2,,-13.6,,5.9,,-30.8,,0,,13.8,,8,,3,,,,,
02-Apr,2002,4,6.5,,-7.5,,-0.5,,18.8,,-22.3,,9.9,,6.6,,14.8,,0,,,,,
02-May,2002,5,17.8,,-0.2,,8.9,,29.2,,-10.6,,1,,0.8,,1.5,,0,,,,,
02-Jun,2002,6,24.5,,10.1,,17.3,,36.5,,1.3,,52.2,,0,,52.2,,0,,,,,
02-Jul,2002,7,27.7,,12.3,,20.1,,35.9,,3.6,,69.5,,0,,69.5,,0,,,,,
02-Aug,2002,8,23.2,,10,,16.6,,32,,0.2,,75.2,,0,,75.2,,0,,,,,
02-Sep,2002,9,17.9,,4.8,,11.4,,30.2,,-9.6,,48.9,,0.2,,48.9,,0,,,,,
02-Oct,2002,10,4,,-5.7,,-0.9,,17.1,,-15.8,,2.4,,13,,11.1,,0,T,,,,
02-Nov,2002,11,0.7,,-9.4,,-4.3,,10,,-17.5,,0,,5,,2.4,,0,,,,,
02-Dec,2002,12,-3.8,,-13.7,,-8.8,,5.1,,-30.8,,0.2,,22,,6.7,,19,,,,,
03-Jan,2003,1,-10.8,,-22.4,,-16.6,,4.7,,-35.4,,3.5,,9.6,,9,,16,,,,,
03-Feb,2003,2,-10.6,,-21.6,,-16.1,,-2.2,,-36.2,,0.4,,16.8,,9.9,,21,,,,,
03-Mar,2003,3,-3.2,,-14.6,,-8.9,,12.6,,-38.3,,4.1,,7.6,,8.7,,0,,,,,
03-Apr,2003,4,10.7,,0,,5.3,,23.6,,-10.8,,31.2,,17.6,,46.2,,0,,,,,
03-May,2003,5,19.9,,4.3,,12.1,,28.5,S,-3.6,,16,,0,T,16,,0,,,,,
03-Jun,2003,6,23.5,,8.4,,16,,34.7,,0.9,,19,,0,,19,,0,,,,,
03-Jul,2003,7,26.5,,11.3,,18.9,,34,,6.1,,48.5,,0,,48.5,,0,,,,,
03-Aug,2003,8,28.7,,13.1,,20.9,,38.6,,3.9,,30,,0,,30,,0,,,,,
03-Sep,2003,9,18.1,,4.7,,11.5,,33.1,,-7.4,,25.5,,0,,25.5,,0,,,,,
03-Oct,2003,10,13.6,,-0.7,,6.5,,25.8,,-12.5,,11.7,,2.6,,13,,1,,,,,
03-Nov,2003,11,-3.9,,-15.5,,-9.8,,4.9,,-25.6,,0,,5.6,,4.5,,1,,,,,
03-Dec,2003,12,-3.4,,-14.1,,-8.8,,5.7,,-24.9,,0,T,8.4,,3.5,,3,,,,,
04-Jan,2004,1,-14.7,,-24.3,,-19.5,,0.9,,-44.9,,0,T,31.6,,23.1,,25,,,,,
04-Feb,2004,2,-4.8,,-15.8,,-10.4,,3.9,,-38.2,,3.8,,10.2,,12.2,,14,,,,,
04-Mar,2004,3,1.5,,-10,,-4.2,,16.8,,-30,,2.7,,31.2,,27,,0,T,,,,
04-Apr,2004,4,12.6,,-2.4,,5.1,,26,,-7.7,,11.6,,0.2,,11.8,,0,,,,,
04-May,2004,5,15.7,,1.2,,8.5,,26.2,,-10.2,,26.5,,0.6,,27,,0,,,,,
04-Jun,2004,6,19.6,,6.6,,13.1,,29.7,,0.9,,79.7,,0,,79.7,,0,,,,,
04-Jul,2004,7,23.7,,10.8,,17.3,,31.6,,0.7,,75,,0,,75,,0,,,,,
04-Aug,2004,8,21.2,,7.9,,14.6,,30.7,,0,,73.5,,0,,73.5,,0,,,,,
04-Sep,2004,9,17.2,,4.1,,10.7,,22.1,,-4.3,,21,,0,T,21,,0,,,,,
04-Oct,2004,10,8.9,,-2.3,,3.3,,26.5,,-8,,8,,24.4,,28.9,,0,,,,,
04-Nov,2004,11,4.2,,-8,,-1.9,,13.2,,-16.8,,0,T,0.8,,0,T,0,T,,,,
04-Dec,2004,12,-6.6,,-17.4,,-12,,10.9,,-32.4,,3.5,,26.6,,23.4,,13,,,,,
05-Jan,2005,1,-12.2,,-23.1,,-17.7,,4.5,,-39.2,,4,,19.8,,18,,16,,,,,
05-Feb,2005,2,-6,,-18.1,,-12.1,,6.7,,-26.6,,0,,24.8,,23,,28,,,,,
05-Mar,2005,3,-1.2,,-10.7,,-6,,6.8,,-21.6,,19,,18.8,,29.5,,2,,,,,
05-Apr,2005,4,12.9,,-0.3,,6.4,,23.9,,-5.6,,15.5,,0.5,,16,,0,,,,,
05-May,2005,5,17,,3.4,,10.2,,25.1,,-9.6,,27.5,,0,,27.5,,0,,,,,
05-Jun,2005,6,19.5,,9.2,,14.4,,30,,5.8,,160.5,,0,,160.5,,0,,,,,
05-Jul,2005,7,24.1,,10.8,,17.5,,31.8,,3.3,,53.5,,0,,53.5,,0,,,,,
05-Aug,2005,8,22.2,,8.5,,15.4,,31,,2,,53.5,,0,,53.5,,0,,,,,
05-Sep,2005,9,18,,4.5,,11.3,,28.7,,-4.2,,74,,0,,74,,0,,,,,
05-Oct,2005,10,11.9,,-1.5,,5.2,,18.3,,-9.4,,18,,0,,18,,0,,,,,
05-Nov,2005,11,1.8,,-6.7,,-2.4,,12.7,,-21.3,,14,,15,,29,,0,T,,,,
05-Dec,2005,12,-4.8,,-13.3,,-9.1,,7.6,,-27.8,,5.5,,15,,20.5,,,,,,,
06-Jan,2006,1,-3.5,,-12.9,,-8.2,,4,,-28.1,,0,T,19.5,,19.5,,,,,,,
06-Feb,2006,2,-6.9,,-18.5,,-12.7,,4.7,,-33,,0,,11.5,,11.5,,,,,,,
06-Mar,2006,3,-3.4,,-11.9,,-7.7,,5.5,,-25.2,,0,,38,,38,,,,,,,
06-Apr,2006,4,15,,0.8,,8,,24.7,,-6.9,,38,,0,,38,,,,,,,
06-May,2006,5,17.9,,5.4,,11.7,,31.1,,-5.8,,39.8,,0,,39.8,,0,,,,,
06-Jun,2006,6,22.2,,10.1,,16.2,,32.3,,4.5,,108,,0,,108,,0,,,,,
06-Jul,2006,7,27.1,,12.9,,20,,32.7,,8.4,,32,,0,,32,,0,,,,,
06-Aug,2006,8,26.1,,9.8,,18,,33.9,,3.1,,30,,0,,30,,0,,,,,
06-Sep,2006,9,18.7,,5.7,,12.2,,31,,-2.3,,118,,0,,118,,0,,,,,
06-Oct,2006,10,6.9,,-3.8,,1.6,,21.2,,-11.1,,31,,1.5,,32.5,,,M,,,,
06-Nov,2006,11,-3.7,,-14.3,,-9,,6.4,,-26.9,,0,,18,,18,,,,,,,
06-Dec,2006,12,-5.3,,-15.9,E,-10.7,E,4.1,,-30.3,,0,,3.5,,3.5,,,,,,,
07-Jan,2007,1,-7.1,,-18.3,,-12.7,,4.8,,-34.2,,0,,47.5,,47.5,,,,,,,
07-Feb,2007,2,-13.2,,-22.7,,-18,,-2,,-33.7,,0,,10.5,,10.5,,,,,,,
07-Mar,2007,3,0.5,,-10.3,,-4.9,,8.8,,-27.8,,9,E,12,E,21,E,,,,,,
07-Apr,2007,4,10.8,,-1.2,,4.8,,22.8,,-13.3,,1.5,,0.5,,2,,,,,,,
07-May,2007,5,17.9,,4.6,,11.2,,25.5,,-2.8,,46,,0,,46,,0,,,,,
07-Jun,2007,6,21.8,,8.1,,15,,28.6,,1.1,,131,,0,,131,,0,,,,,
07-Jul,2007,7,27.7,E,14.4,E,21,E,35,E,7.9,E,22,I,0,,22,I,0,,,,,
07-Aug,2007,8,22.5,I,9,I,15.8,I,32.4,I,4.2,I,17.5,I,0,I,17.5,I,0,,,,,
07-Sep,2007,9,17.1,,3.7,,10.4,,27.6,,-2.8,,24,,0,,24,,0,,,,,
07-Oct,2007,10,11.6,,-1,,5.3,,22.1,,-10.1,,13.7,,0.3,E,14,E,0,,,,,
07-Nov,2007,11,-0.7,E,-10.1,E,-5.4,E,11.4,E,-27.4,E,1,E,16,,17,E,,,,,,